source,external_id,external_url,first_name,last_name,display_name,country_code,gender,category,club_name,club_country_code,ranking_value,rank,ranked_at,confidence_level,total_players
ITTF,131163,https://results.ittf.link/index.php/player-profile/list/60?resetfilters=1&vw_profiles___player_id_raw=131163,Yingsha,Sun,Yingsha Sun,CN,F,SENIOR,,,11350,1,2026-05-12,HIGH,
ITTF,121411,https://results.ittf.link/index.php/player-profile/list/60?resetfilters=1&vw_profiles___player_id_raw=121411,Manyu,Wang,Manyu Wang,CN,F,SENIOR,,,9867,2,2026-05-12,HIGH,
ITTF,136711,https://results.ittf.link/index.php/player-profile/list/60?resetfilters=1&vw_profiles___player_id_raw=136711,Miwa,Harimoto,Miwa Harimoto,JP,F,SENIOR,,,4839,3,2026-05-12,HIGH,
ITTF,121403,https://results.ittf.link/index.php/player-profile/list/60?resetfilters=1&vw_profiles___player_id_raw=121403,Xingtong,Chen,Xingtong Chen,CN,F,SENIOR,,,4830,4,2026-05-12,HIGH,
ITTF,117332,https://results.ittf.link/index.php/player-profile/list/60?resetfilters=1&vw_profiles___player_id_raw=117332,Yuling,Zhu,Yuling Zhu,MO,F,SENIOR,,,4715,5,2026-05-12,HIGH,
ITTF,132132,https://results.ittf.link/index.php/player-profile/list/60?resetfilters=1&vw_profiles___player_id_raw=132132,Yi,Chen,Yi Chen,CN,F,SENIOR,,,4385,6,2026-05-12,HIGH,
ITTF,135049,https://results.ittf.link/index.php/player-profile/list/60?resetfilters=1&vw_profiles___player_id_raw=135049,Man,Kuai,Man Kuai,CN,F,SENIOR,,,4263,7,2026-05-12,HIGH,
ITTF,124110,https://results.ittf.link/index.php/player-profile/list/60?resetfilters=1&vw_profiles___player_id_raw=124110,Yidi,Wang,Yidi Wang,CN,F,SENIOR,,,3947,8,2026-05-12,HIGH,
ITTF,111066,https://results.ittf.link/index.php/player-profile/list/60?resetfilters=1&vw_profiles___player_id_raw=111066,Sabine,Winter,Sabine Winter,DE,F,SENIOR,,,3785,9,2026-05-12,HIGH,
ITTF,123672,https://results.ittf.link/index.php/player-profile/list/60?resetfilters=1&vw_profiles___player_id_raw=123672,Hina,Hayata,Hina Hayata,JP,F,SENIOR,,,3415,10,2026-05-12,HIGH,
ITTF,123977,https://results.ittf.link/index.php/player-profile/list/60?resetfilters=1&vw_profiles___player_id_raw=123977,Yubin,Shin,Yubin Shin,KR,F,SENIOR,,,3303,11,2026-05-12,HIGH,
ITTF,133405,https://results.ittf.link/index.php/player-profile/list/60?resetfilters=1&vw_profiles___player_id_raw=133405,Satsuki,Odo,Satsuki Odo,JP,F,SENIOR,,,3200,12,2026-05-12,HIGH,
ITTF,117821,https://results.ittf.link/index.php/player-profile/list/60?resetfilters=1&vw_profiles___player_id_raw=117821,Mima,Ito,Mima Ito,JP,F,SENIOR,,,2970,13,2026-05-12,HIGH,
ITTF,133000,https://results.ittf.link/index.php/player-profile/list/60?resetfilters=1&vw_profiles___player_id_raw=133000,Honoka,Hashimoto,Honoka Hashimoto,JP,F,SENIOR,,,2844,14,2026-05-12,HIGH,
ITTF,123120,https://results.ittf.link/index.php/player-profile/list/60?resetfilters=1&vw_profiles___player_id_raw=123120,Xunyao,Shi,Xunyao Shi,CN,F,SENIOR,,,2765,15,2026-05-12,HIGH,
ITTF,124591,https://results.ittf.link/index.php/player-profile/list/60?resetfilters=1&vw_profiles___player_id_raw=124591,Miyu,Nagasaki,Miyu Nagasaki,JP,F,SENIOR,,,2395,16,2026-05-12,HIGH,
ITTF,200413,https://results.ittf.link/index.php/player-profile/list/60?resetfilters=1&vw_profiles___player_id_raw=200413,Cheonhui,Joo,Cheonhui Joo,KR,F,SENIOR,,,2060,17,2026-05-12,HIGH,
ITTF,115009,https://results.ittf.link/index.php/player-profile/list/60?resetfilters=1&vw_profiles___player_id_raw=115009,Adriana,Diaz,Adriana Diaz,PR,F,SENIOR,,,1867,18,2026-05-12,HIGH,
ITTF,118762,https://results.ittf.link/index.php/player-profile/list/60?resetfilters=1&vw_profiles___player_id_raw=118762,Ying,Han,Ying Han,DE,F,SENIOR,,,1775,19,2026-05-12,HIGH,
ITTF,131335,https://results.ittf.link/index.php/player-profile/list/60?resetfilters=1&vw_profiles___player_id_raw=131335,Hana,Goda,Hana Goda,EG,F,SENIOR,,,1685,20,2026-05-12,HIGH,
ITTF,137894,https://results.ittf.link/index.php/player-profile/list/60?resetfilters=1&vw_profiles___player_id_raw=137894,Jia Nan,Yuan,Jia Nan Yuan,FR,F,SENIOR,,,1552,21,2026-05-12,HIGH,
ITTF,110797,https://results.ittf.link/index.php/player-profile/list/60?resetfilters=1&vw_profiles___player_id_raw=110797,I-Ching,Cheng,I-Ching Cheng,TW,F,SENIOR,,,1485,22,2026-05-12,HIGH,
ITTF,121623,https://results.ittf.link/index.php/player-profile/list/60?resetfilters=1&vw_profiles___player_id_raw=121623,Bruna,Takahashi,Bruna Takahashi,BR,F,SENIOR,,,1456,23,2026-05-12,HIGH,
ITTF,111012,https://results.ittf.link/index.php/player-profile/list/60?resetfilters=1&vw_profiles___player_id_raw=111012,Bernadette,Szocs,Bernadette Szocs,RO,F,SENIOR,,,1455,24,2026-05-12,HIGH,
ITTF,122261,https://results.ittf.link/index.php/player-profile/list/60?resetfilters=1&vw_profiles___player_id_raw=122261,Hitomi,Sato,Hitomi Sato,JP,F,SENIOR,,,1425,25,2026-05-12,HIGH,
ITTF,131036,https://results.ittf.link/index.php/player-profile/list/60?resetfilters=1&vw_profiles___player_id_raw=131036,Miyuu,Kihara,Miyuu Kihara,JP,F,SENIOR,,,1160,26,2026-05-12,HIGH,
ITTF,133814,https://results.ittf.link/index.php/player-profile/list/60?resetfilters=1&vw_profiles___player_id_raw=133814,Nayeong,Kim,Nayeong Kim,KR,F,SENIOR,,,1128,27,2026-05-12,HIGH,
ITTF,131100,https://results.ittf.link/index.php/player-profile/list/60?resetfilters=1&vw_profiles___player_id_raw=131100,Prithika,Pavade,Prithika Pavade,FR,F,SENIOR,,,1083,28,2026-05-12,HIGH,
ITTF,144628,https://results.ittf.link/index.php/player-profile/list/60?resetfilters=1&vw_profiles___player_id_raw=144628,Yuxuan,Qin,Yuxuan Qin,CN,F,SENIOR,,,1015,29,2026-05-12,HIGH,
ITTF,137627,https://results.ittf.link/index.php/player-profile/list/60?resetfilters=1&vw_profiles___player_id_raw=137627,Yangzi,Liu,Yangzi Liu,AU,F,SENIOR,,,1010,30,2026-05-12,HIGH,
ITTF,135935,https://results.ittf.link/index.php/player-profile/list/60?resetfilters=1&vw_profiles___player_id_raw=135935,Sakura,Yokoi,Sakura Yokoi,JP,F,SENIOR,,,970,31,2026-05-12,HIGH,
ITTF,115543,https://results.ittf.link/index.php/player-profile/list/60?resetfilters=1&vw_profiles___player_id_raw=115543,Hoi Kem,Doo,Hoi Kem Doo,HK,F,SENIOR,,,942,32,2026-05-12,HIGH,
ITTF,117820,https://results.ittf.link/index.php/player-profile/list/60?resetfilters=1&vw_profiles___player_id_raw=117820,Miu,Hirano,Miu Hirano,JP,F,SENIOR,,,920,33,2026-05-12,HIGH,
ITTF,131480,https://results.ittf.link/index.php/player-profile/list/60?resetfilters=1&vw_profiles___player_id_raw=131480,Anna,Hursey,Anna Hursey,GB,F,SENIOR,,,896,34,2026-05-12,HIGH,
ITTF,122052,https://results.ittf.link/index.php/player-profile/list/60?resetfilters=1&vw_profiles___player_id_raw=122052,Eunhye,Lee,Eunhye Lee,KR,F,SENIOR,,,895,35,2026-05-12,HIGH,
ITTF,107321,https://results.ittf.link/index.php/player-profile/list/60?resetfilters=1&vw_profiles___player_id_raw=107321,Margaryta,Pesotska,Margaryta Pesotska,UA,F,SENIOR,,,884,36,2026-05-12,HIGH,
ITTF,131342,https://results.ittf.link/index.php/player-profile/list/60?resetfilters=1&vw_profiles___player_id_raw=131342,Jian,Zeng,Jian Zeng,SG,F,SENIOR,,,869,37,2026-05-12,HIGH,
ITTF,108226,https://results.ittf.link/index.php/player-profile/list/60?resetfilters=1&vw_profiles___player_id_raw=108226,Elizabeta,Samara,Elizabeta Samara,RO,F,SENIOR,,,825,38,2026-05-12,HIGH,
ITTF,112221,https://results.ittf.link/index.php/player-profile/list/60?resetfilters=1&vw_profiles___player_id_raw=112221,Lily,Zhang,Lily Zhang,US,F,SENIOR,,,778,39,2026-05-12,HIGH,
ITTF,119730,https://results.ittf.link/index.php/player-profile/list/60?resetfilters=1&vw_profiles___player_id_raw=119730,Zhuojia,He,Zhuojia He,CN,F,SENIOR,,,760,40,2026-05-12,HIGH,
ITTF,107477,https://results.ittf.link/index.php/player-profile/list/60?resetfilters=1&vw_profiles___player_id_raw=107477,Sofia,Polcanova,Sofia Polcanova,AT,F,SENIOR,,,743,41,2026-05-12,HIGH,
ITTF,136309,https://results.ittf.link/index.php/player-profile/list/60?resetfilters=1&vw_profiles___player_id_raw=136309,Kaho,Akae,Kaho Akae,JP,F,SENIOR,,,740,42,2026-05-12,HIGH,
ITTF,136987,https://results.ittf.link/index.php/player-profile/list/60?resetfilters=1&vw_profiles___player_id_raw=136987,Yi-Tian,Yeh,Yi-Tian Yeh,TW,F,SENIOR,,,719,43,2026-05-12,HIGH,
ITTF,119022,https://results.ittf.link/index.php/player-profile/list/60?resetfilters=1&vw_profiles___player_id_raw=119022,Amy,Wang,Amy Wang,US,F,SENIOR,,,710,44,2026-05-12,HIGH,
ITTF,122428,https://results.ittf.link/index.php/player-profile/list/60?resetfilters=1&vw_profiles___player_id_raw=122428,Andreea,Dragoman,Andreea Dragoman,RO,F,SENIOR,,,705,45,2026-05-12,HIGH,
ITTF,122718,https://results.ittf.link/index.php/player-profile/list/60?resetfilters=1&vw_profiles___player_id_raw=122718,Sreeja,Akula,Sreeja Akula,IN,F,SENIOR,,,670,46,2026-05-12,HIGH,
ITTF,111656,https://results.ittf.link/index.php/player-profile/list/60?resetfilters=1&vw_profiles___player_id_raw=111656,Dina,Meshref,Dina Meshref,EG,F,SENIOR,,,644,47,2026-05-12,HIGH,
ITTF,115920,https://results.ittf.link/index.php/player-profile/list/60?resetfilters=1&vw_profiles___player_id_raw=115920,Manika,Batra,Manika Batra,IN,F,SENIOR,,,637,48,2026-05-12,HIGH,
ITTF,131231,https://results.ittf.link/index.php/player-profile/list/60?resetfilters=1&vw_profiles___player_id_raw=131231,Elizabet,Abraamian,Elizabet Abraamian,XX,F,SENIOR,,,633,49,2026-05-12,HIGH,
ITTF,114726,https://results.ittf.link/index.php/player-profile/list/60?resetfilters=1&vw_profiles___player_id_raw=114726,Nina,Mittelham,Nina Mittelham,DE,F,SENIOR,,,625,50,2026-05-12,HIGH,
ITTF,102863,https://results.ittf.link/index.php/player-profile/list/60?resetfilters=1&vw_profiles___player_id_raw=102863,Fu,Yu,Fu Yu,PT,F,SENIOR,,,606,51,2026-05-12,HIGH,
ITTF,135501,https://results.ittf.link/index.php/player-profile/list/60?resetfilters=1&vw_profiles___player_id_raw=135501,Charlotte,Lutz,Charlotte Lutz,FR,F,SENIOR,,,603,52,2026-05-12,HIGH,
ITTF,111072,https://results.ittf.link/index.php/player-profile/list/60?resetfilters=1&vw_profiles___player_id_raw=111072,Maria,Xiao,Maria Xiao,ES,F,SENIOR,,,590,53,2026-05-12,HIGH,
ITTF,115454,https://results.ittf.link/index.php/player-profile/list/60?resetfilters=1&vw_profiles___player_id_raw=115454,Natalia,Bajor,Natalia Bajor,PL,F,SENIOR,,,588,54,2026-05-12,HIGH,
ITTF,110560,https://results.ittf.link/index.php/player-profile/list/60?resetfilters=1&vw_profiles___player_id_raw=110560,Mo,Zhang,Mo Zhang,CA,F,SENIOR,,,585,55,2026-05-12,HIGH,
ITTF,123848,https://results.ittf.link/index.php/player-profile/list/60?resetfilters=1&vw_profiles___player_id_raw=123848,Saki,Shibata,Saki Shibata,JP,F,SENIOR,,,560,56,2026-05-12,HIGH,
ITTF,135493,https://results.ittf.link/index.php/player-profile/list/60?resetfilters=1&vw_profiles___player_id_raw=135493,Annett,Kaufmann,Annett Kaufmann,DE,F,SENIOR,,,556,57,2026-05-12,HIGH,
ITTF,114905,https://results.ittf.link/index.php/player-profile/list/60?resetfilters=1&vw_profiles___player_id_raw=114905,Linda,Bergstrom,Linda Bergstrom,SE,F,SENIOR,,,548,58,2026-05-12,HIGH,
ITTF,113944,https://results.ittf.link/index.php/player-profile/list/60?resetfilters=1&vw_profiles___player_id_raw=113944,Lea,Rakovac,Lea Rakovac,HR,F,SENIOR,,,524,59,2026-05-12,HIGH,
ITTF,112368,https://results.ittf.link/index.php/player-profile/list/60?resetfilters=1&vw_profiles___player_id_raw=112368,Ha Eun,Yang,Ha Eun Yang,KR,F,SENIOR,,,514,60,2026-05-12,HIGH,
ITTF,124162,https://results.ittf.link/index.php/player-profile/list/60?resetfilters=1&vw_profiles___player_id_raw=124162,Yu-Jhun,Li,Yu-Jhun Li,TW,F,SENIOR,,,510,61,2026-05-12,HIGH,
ITTF,134489,https://results.ittf.link/index.php/player-profile/list/60?resetfilters=1&vw_profiles___player_id_raw=134489,Sally,Moyland,Sally Moyland,US,F,SENIOR,,,507,62,2026-05-12,HIGH,
ITTF,137193,https://results.ittf.link/index.php/player-profile/list/60?resetfilters=1&vw_profiles___player_id_raw=137193,Yerin,Yoo,Yerin Yoo,KR,F,SENIOR,,,500,63,2026-05-12,HIGH,
ITTF,206252,https://results.ittf.link/index.php/player-profile/list/60?resetfilters=1&vw_profiles___player_id_raw=206252,Tsz Tung,Su,Tsz Tung Su,HK,F,SENIOR,,,495,64,2026-05-12,HIGH,
ITTF,104092,https://results.ittf.link/index.php/player-profile/list/60?resetfilters=1&vw_profiles___player_id_raw=104092,Minhyung,Jee,Minhyung Jee,AU,F,SENIOR,,,475,65,2026-05-12,HIGH,
ITTF,137850,https://results.ittf.link/index.php/player-profile/list/60?resetfilters=1&vw_profiles___player_id_raw=137850,Yashaswini,Ghorpade,Yashaswini Ghorpade,IN,F,SENIOR,,,471,66,2026-05-12,HIGH,
ITTF,124584,https://results.ittf.link/index.php/player-profile/list/60?resetfilters=1&vw_profiles___player_id_raw=124584,Yu-Jie,Huang,Yu-Jie Huang,TW,F,SENIOR,,,449,67,2026-05-12,HIGH,
ITTF,120294,https://results.ittf.link/index.php/player-profile/list/60?resetfilters=1&vw_profiles___player_id_raw=120294,Gaia,Monfardini,Gaia Monfardini,IT,F,SENIOR,,,442,68,2026-05-12,HIGH,
ITTF,135370,https://results.ittf.link/index.php/player-profile/list/60?resetfilters=1&vw_profiles___player_id_raw=135370,Seongjin,Kim,Seongjin Kim,KR,F,SENIOR,,,430,69,2026-05-12,HIGH,
ITTF,200907,https://results.ittf.link/index.php/player-profile/list/60?resetfilters=1&vw_profiles___player_id_raw=200907,Geman,Zong,Geman Zong,CN,F,SENIOR,,,410,70,2026-05-12,HIGH,
ITTF,124165,https://results.ittf.link/index.php/player-profile/list/60?resetfilters=1&vw_profiles___player_id_raw=124165,Tung-Chuan,Chien,Tung-Chuan Chien,TW,F,SENIOR,,,405,71,2026-05-12,HIGH,
ITTF,132318,https://results.ittf.link/index.php/player-profile/list/60?resetfilters=1&vw_profiles___player_id_raw=132318,Wing Lam,Ng,Wing Lam Ng,HK,F,SENIOR,,,397,72,2026-05-12,HIGH,
ITTF,121401,https://results.ittf.link/index.php/player-profile/list/60?resetfilters=1&vw_profiles___player_id_raw=121401,Jieni,Shao,Jieni Shao,PT,F,SENIOR,,,394,73,2026-05-12,HIGH,
ITTF,145134,https://results.ittf.link/index.php/player-profile/list/60?resetfilters=1&vw_profiles___player_id_raw=145134,Constantina,Psihogios,Constantina Psihogios,AU,F,SENIOR,,,380,74,2026-05-12,HIGH,
ITTF,136403,https://results.ittf.link/index.php/player-profile/list/60?resetfilters=1&vw_profiles___player_id_raw=136403,Shuhan,Fan,Shuhan Fan,CN,F,SENIOR,,,379,75,2026-05-12,HIGH,
ITTF,210921,https://results.ittf.link/index.php/player-profile/list/60?resetfilters=1&vw_profiles___player_id_raw=210921,Yuka,Kaneyoshi,Yuka Kaneyoshi,JP,F,SENIOR,,,378,76,2026-05-12,HIGH,
ITTF,145033,https://results.ittf.link/index.php/player-profile/list/60?resetfilters=1&vw_profiles___player_id_raw=145033,Yu-Han,Peng,Yu-Han Peng,TW,F,SENIOR,,,377,77,2026-05-12,HIGH,
ITTF,144862,https://results.ittf.link/index.php/player-profile/list/60?resetfilters=1&vw_profiles___player_id_raw=144862,Misuzu,Takeya,Misuzu Takeya,JP,F,SENIOR,,,374,78,2026-05-12,HIGH,
ITTF,135922,https://results.ittf.link/index.php/player-profile/list/60?resetfilters=1&vw_profiles___player_id_raw=135922,Yiyun,Yang,Yiyun Yang,CN,F,SENIOR,,,369,79,2026-05-12,HIGH,
ITTF,136539,https://results.ittf.link/index.php/player-profile/list/60?resetfilters=1&vw_profiles___player_id_raw=136539,Xiaotong,Wang,Xiaotong Wang,CN,F,SENIOR,,,369,80,2026-05-12,HIGH,
ITTF,115413,https://results.ittf.link/index.php/player-profile/list/60?resetfilters=1&vw_profiles___player_id_raw=115413,Giorgia,Piccolin,Giorgia Piccolin,IT,F,SENIOR,,,367,81,2026-05-12,HIGH,
ITTF,132144,https://results.ittf.link/index.php/player-profile/list/60?resetfilters=1&vw_profiles___player_id_raw=132144,Lin Qian,Ser,Lin Qian Ser,SG,F,SENIOR,,,362,82,2026-05-12,HIGH,
ITTF,120972,https://results.ittf.link/index.php/player-profile/list/60?resetfilters=1&vw_profiles___player_id_raw=120972,Orawan,Paranang,Orawan Paranang,TH,F,SENIOR,,,359,83,2026-05-12,HIGH,
ITTF,201032,https://results.ittf.link/index.php/player-profile/list/60?resetfilters=1&vw_profiles___player_id_raw=201032,Gahyeon,Park,Gahyeon Park,KR,F,SENIOR,,,350,84,2026-05-12,HIGH,
ITTF,120187,https://results.ittf.link/index.php/player-profile/list/60?resetfilters=1&vw_profiles___player_id_raw=120187,Izabela,Lupulesku,Izabela Lupulesku,RS,F,SENIOR,,,350,85,2026-05-12,HIGH,
ITTF,118507,https://results.ittf.link/index.php/player-profile/list/60?resetfilters=1&vw_profiles___player_id_raw=118507,Christina,Kallberg,Christina Kallberg,SE,F,SENIOR,,,350,86,2026-05-12,HIGH,
ITTF,119797,https://results.ittf.link/index.php/player-profile/list/60?resetfilters=1&vw_profiles___player_id_raw=119797,Tianyi,Qian,Tianyi Qian,CN,F,SENIOR,,,340,87,2026-05-12,HIGH,
ITTF,112944,https://results.ittf.link/index.php/player-profile/list/60?resetfilters=1&vw_profiles___player_id_raw=112944,Sibel,Altinkaya,Sibel Altinkaya,TR,F,SENIOR,,,340,88,2026-05-12,HIGH,
ITTF,137465,https://results.ittf.link/index.php/player-profile/list/60?resetfilters=1&vw_profiles___player_id_raw=137465,Yi,Xu,Yi Xu,CN,F,SENIOR,,,337,89,2026-05-12,HIGH,
ITTF,112280,https://results.ittf.link/index.php/player-profile/list/60?resetfilters=1&vw_profiles___player_id_raw=112280,Sarah,De Nutte,Sarah De Nutte,LU,F,SENIOR,,,337,90,2026-05-12,HIGH,
ITTF,202747,https://results.ittf.link/index.php/player-profile/list/60?resetfilters=1&vw_profiles___player_id_raw=202747,Ziyu,Zhu,Ziyu Zhu,CN,F,SENIOR,,,334,91,2026-05-12,HIGH,
ITTF,112868,https://results.ittf.link/index.php/player-profile/list/60?resetfilters=1&vw_profiles___player_id_raw=112868,Xiaoxin,Yang,Xiaoxin Yang,MC,F,SENIOR,,,320,92,2026-05-12,HIGH,
ITTF,121041,https://results.ittf.link/index.php/player-profile/list/60?resetfilters=1&vw_profiles___player_id_raw=121041,Katarzyna,Wegrzyn,Katarzyna Wegrzyn,PL,F,SENIOR,,,319,93,2026-05-12,HIGH,
ITTF,131395,https://results.ittf.link/index.php/player-profile/list/60?resetfilters=1&vw_profiles___player_id_raw=131395,Diya,Chitale,Diya Chitale,IN,F,SENIOR,,,316,94,2026-05-12,HIGH,
ITTF,120726,https://results.ittf.link/index.php/player-profile/list/60?resetfilters=1&vw_profiles___player_id_raw=120726,Mariam,Alhodaby,Mariam Alhodaby,EG,F,SENIOR,,,310,95,2026-05-12,HIGH,
ITTF,111849,https://results.ittf.link/index.php/player-profile/list/60?resetfilters=1&vw_profiles___player_id_raw=111849,Xiaona,Shan,Xiaona Shan,DE,F,SENIOR,,,310,96,2026-05-12,HIGH,
ITTF,123550,https://results.ittf.link/index.php/player-profile/list/60?resetfilters=1&vw_profiles___player_id_raw=123550,Camille,Lutz,Camille Lutz,FR,F,SENIOR,,,310,97,2026-05-12,HIGH,
ITTF,121074,https://results.ittf.link/index.php/player-profile/list/60?resetfilters=1&vw_profiles___player_id_raw=121074,Sabina,Surjan,Sabina Surjan,RS,F,SENIOR,,,297,98,2026-05-12,HIGH,
ITTF,136755,https://results.ittf.link/index.php/player-profile/list/60?resetfilters=1&vw_profiles___player_id_raw=136755,Veronika,Matiunina,Veronika Matiunina,RU,F,SENIOR,,,296,99,2026-05-12,HIGH,
ITTF,115430,https://results.ittf.link/index.php/player-profile/list/60?resetfilters=1&vw_profiles___player_id_raw=115430,Tin-Tin,Ho,Tin-Tin Ho,GB,F,SENIOR,,,296,100,2026-05-12,HIGH,
ITTF,144633,https://results.ittf.link/index.php/player-profile/list/60?resetfilters=1&vw_profiles___player_id_raw=144633,Kyoka,Idesawa,Kyoka Idesawa,JP,F,SENIOR,,,294,101,2026-05-12,HIGH,
ITTF,208510,https://results.ittf.link/index.php/player-profile/list/60?resetfilters=1&vw_profiles___player_id_raw=208510,Jessica,Reyes Lai,Jessica Reyes Lai,US,F,SENIOR,,,287,102,2026-05-12,HIGH,
ITTF,120125,https://results.ittf.link/index.php/player-profile/list/60?resetfilters=1&vw_profiles___player_id_raw=120125,Filippa,Bergand,Filippa Bergand,SE,F,SENIOR,,,280,103,2026-05-12,HIGH,
ITTF,113701,https://results.ittf.link/index.php/player-profile/list/60?resetfilters=1&vw_profiles___player_id_raw=113701,Britt,Eerland,Britt Eerland,NL,F,SENIOR,,,279,104,2026-05-12,HIGH,
ITTF,119537,https://results.ittf.link/index.php/player-profile/list/60?resetfilters=1&vw_profiles___player_id_raw=119537,Ayhika,Mukherjee,Ayhika Mukherjee,IN,F,SENIOR,,,275,105,2026-05-12,HIGH,
ITTF,132756,https://results.ittf.link/index.php/player-profile/list/60?resetfilters=1&vw_profiles___player_id_raw=132756,Hana,Arapovic,Hana Arapovic,HR,F,SENIOR,,,273,106,2026-05-12,HIGH,
ITTF,121714,https://results.ittf.link/index.php/player-profile/list/60?resetfilters=1&vw_profiles___player_id_raw=121714,Tatiana,Kukulkova,Tatiana Kukulkova,SK,F,SENIOR,,,271,107,2026-05-12,HIGH,
ITTF,134790,https://results.ittf.link/index.php/player-profile/list/60?resetfilters=1&vw_profiles___player_id_raw=134790,Asuka,Sasao,Asuka Sasao,JP,F,SENIOR,,,270,108,2026-05-12,HIGH,
ITTF,117294,https://results.ittf.link/index.php/player-profile/list/60?resetfilters=1&vw_profiles___player_id_raw=117294,Daniela,Ortega,Daniela Ortega,CL,F,SENIOR,,,265,109,2026-05-12,HIGH,
ITTF,111416,https://results.ittf.link/index.php/player-profile/list/60?resetfilters=1&vw_profiles___player_id_raw=111416,Rachel,Moret,Rachel Moret,CH,F,SENIOR,,,264,110,2026-05-12,HIGH,
ITTF,123228,https://results.ittf.link/index.php/player-profile/list/60?resetfilters=1&vw_profiles___player_id_raw=123228,Zauresh,Akasheva,Zauresh Akasheva,KZ,F,SENIOR,,,262,111,2026-05-12,HIGH,
ITTF,132701,https://results.ittf.link/index.php/player-profile/list/60?resetfilters=1&vw_profiles___player_id_raw=132701,Hanna,Ryu,Hanna Ryu,KR,F,SENIOR,,,260,112,2026-05-12,HIGH,
ITTF,133478,https://results.ittf.link/index.php/player-profile/list/60?resetfilters=1&vw_profiles___player_id_raw=133478,Giulia,Takahashi,Giulia Takahashi,BR,F,SENIOR,,,260,113,2026-05-12,HIGH,
ITTF,213286,https://results.ittf.link/index.php/player-profile/list/60?resetfilters=1&vw_profiles___player_id_raw=213286,Kotomi,Omoda,Kotomi Omoda,JP,F,SENIOR,,,258,114,2026-05-12,HIGH,
ITTF,132096,https://results.ittf.link/index.php/player-profile/list/60?resetfilters=1&vw_profiles___player_id_raw=132096,Kasumi,Kimura,Kasumi Kimura,JP,F,SENIOR,,,255,115,2026-05-12,HIGH,
ITTF,136420,https://results.ittf.link/index.php/player-profile/list/60?resetfilters=1&vw_profiles___player_id_raw=136420,Laura,Watanabe,Laura Watanabe,BR,F,SENIOR,,,255,116,2026-05-12,HIGH,
ITTF,118777,https://results.ittf.link/index.php/player-profile/list/60?resetfilters=1&vw_profiles___player_id_raw=118777,Yuan,Wan,Yuan Wan,DE,F,SENIOR,,,253,117,2026-05-12,HIGH,
ITTF,100868,https://results.ittf.link/index.php/player-profile/list/60?resetfilters=1&vw_profiles___player_id_raw=100868,Barbora,Varady,Barbora Varady,SK,F,SENIOR,,,253,118,2026-05-12,HIGH,
ITTF,134011,https://results.ittf.link/index.php/player-profile/list/60?resetfilters=1&vw_profiles___player_id_raw=134011,Elena,Zaharia,Elena Zaharia,RO,F,SENIOR,,,244,119,2026-05-12,HIGH,
ITTF,136607,https://results.ittf.link/index.php/player-profile/list/60?resetfilters=1&vw_profiles___player_id_raw=136607,Kum Yong,Kim,Kum Yong Kim,KP,F,SENIOR,,,243,120,2026-05-12,HIGH,
ITTF,131132,https://results.ittf.link/index.php/player-profile/list/60?resetfilters=1&vw_profiles___player_id_raw=131132,Jiamuwa,Wu,Jiamuwa Wu,AU,F,SENIOR,,,234,121,2026-05-12,HIGH,
ITTF,105779,https://results.ittf.link/index.php/player-profile/list/60?resetfilters=1&vw_profiles___player_id_raw=105779,Ivana,Malobabic,Ivana Malobabic,HR,F,SENIOR,,,226,122,2026-05-12,HIGH,
ITTF,204592,https://results.ittf.link/index.php/player-profile/list/60?resetfilters=1&vw_profiles___player_id_raw=204592,Tania,Morice,Tania Morice,DZ,F,SENIOR,,,223,123,2026-05-12,HIGH,
ITTF,135306,https://results.ittf.link/index.php/player-profile/list/60?resetfilters=1&vw_profiles___player_id_raw=135306,Brianna,Burgos,Brianna Burgos,PR,F,SENIOR,,,222,124,2026-05-12,HIGH,
ITTF,117365,https://results.ittf.link/index.php/player-profile/list/60?resetfilters=1&vw_profiles___player_id_raw=117365,Sutirtha,Mukherjee,Sutirtha Mukherjee,IN,F,SENIOR,,,220,125,2026-05-12,HIGH,
ITTF,116874,https://results.ittf.link/index.php/player-profile/list/60?resetfilters=1&vw_profiles___player_id_raw=116874,Audrey,Zarif,Audrey Zarif,FR,F,SENIOR,,,219,126,2026-05-12,HIGH,
ITTF,144861,https://results.ittf.link/index.php/player-profile/list/60?resetfilters=1&vw_profiles___player_id_raw=144861,Sachi,Aoki,Sachi Aoki,JP,F,SENIOR,,,217,127,2026-05-12,HIGH,
ITTF,109777,https://results.ittf.link/index.php/player-profile/list/60?resetfilters=1&vw_profiles___player_id_raw=109777,Paulina,Vega,Paulina Vega,CL,F,SENIOR,,,217,128,2026-05-12,HIGH,
ITTF,115402,https://results.ittf.link/index.php/player-profile/list/60?resetfilters=1&vw_profiles___player_id_raw=115402,Sofia-Xuan,Zhang,Sofia-Xuan Zhang,ES,F,SENIOR,,,215,129,2026-05-12,HIGH,
ITTF,131966,https://results.ittf.link/index.php/player-profile/list/60?resetfilters=1&vw_profiles___player_id_raw=131966,Zhao Yun,Tan,Zhao Yun Tan,SG,F,SENIOR,,,214,130,2026-05-12,HIGH,
ITTF,133529,https://results.ittf.link/index.php/player-profile/list/60?resetfilters=1&vw_profiles___player_id_raw=133529,Feier,Han,Feier Han,CN,F,SENIOR,,,213,131,2026-05-12,HIGH,
ITTF,200210,https://results.ittf.link/index.php/player-profile/list/60?resetfilters=1&vw_profiles___player_id_raw=200210,Jocelyn,Lam,Jocelyn Lam,NZ,F,SENIOR,,,201,132,2026-05-12,HIGH,
ITTF,133835,https://results.ittf.link/index.php/player-profile/list/60?resetfilters=1&vw_profiles___player_id_raw=133835,Yun-En,Tsai,Yun-En Tsai,TW,F,SENIOR,,,199,133,2026-05-12,HIGH,
ITTF,111772,https://results.ittf.link/index.php/player-profile/list/60?resetfilters=1&vw_profiles___player_id_raw=111772,Jie,Li,Jie Li,NL,F,SENIOR,,,197,134,2026-05-12,HIGH,
ITTF,120725,https://results.ittf.link/index.php/player-profile/list/60?resetfilters=1&vw_profiles___player_id_raw=120725,Marwa,Alhodaby,Marwa Alhodaby,EG,F,SENIOR,,,195,135,2026-05-12,HIGH,
ITTF,200908,https://results.ittf.link/index.php/player-profile/list/60?resetfilters=1&vw_profiles___player_id_raw=200908,Sibing,Zhu,Sibing Zhu,CN,F,SENIOR,,,195,136,2026-05-12,HIGH,
ITTF,144860,https://results.ittf.link/index.php/player-profile/list/60?resetfilters=1&vw_profiles___player_id_raw=144860,Rin,Mende,Rin Mende,JP,F,SENIOR,,,192,137,2026-05-12,HIGH,
ITTF,105310,https://results.ittf.link/index.php/player-profile/list/60?resetfilters=1&vw_profiles___player_id_raw=105310,Chunli,Li,Chunli Li,NZ,F,SENIOR,,,190,138,2026-05-12,HIGH,
ITTF,111833,https://results.ittf.link/index.php/player-profile/list/60?resetfilters=1&vw_profiles___player_id_raw=111833,Suthasini,Sawettabut,Suthasini Sawettabut,TH,F,SENIOR,,,190,139,2026-05-12,HIGH,
ITTF,135391,https://results.ittf.link/index.php/player-profile/list/60?resetfilters=1&vw_profiles___player_id_raw=135391,Daeun,Lee,Daeun Lee,KR,F,SENIOR,,,188,140,2026-05-12,HIGH,
ITTF,119285,https://results.ittf.link/index.php/player-profile/list/60?resetfilters=1&vw_profiles___player_id_raw=119285,Zion,Lee,Zion Lee,KR,F,SENIOR,,,178,141,2026-05-12,HIGH,
ITTF,201368,https://results.ittf.link/index.php/player-profile/list/60?resetfilters=1&vw_profiles___player_id_raw=201368,Syndrela,Das,Syndrela Das,IN,F,SENIOR,,,178,142,2026-05-12,HIGH,
ITTF,204138,https://results.ittf.link/index.php/player-profile/list/60?resetfilters=1&vw_profiles___player_id_raw=204138,Yerim,Heo,Yerim Heo,KR,F,SENIOR,,,173,143,2026-05-12,HIGH,
ITTF,132886,https://results.ittf.link/index.php/player-profile/list/60?resetfilters=1&vw_profiles___player_id_raw=132886,Song Gyong,Pyon,Song Gyong Pyon,KP,F,SENIOR,,,172,144,2026-05-12,HIGH,
ITTF,114105,https://results.ittf.link/index.php/player-profile/list/60?resetfilters=1&vw_profiles___player_id_raw=114105,Szu-Yu,Chen,Szu-Yu Chen,TW,F,SENIOR,,,171,145,2026-05-12,HIGH,
ITTF,205401,https://results.ittf.link/index.php/player-profile/list/60?resetfilters=1&vw_profiles___player_id_raw=205401,Zhiying,Zeng,Zhiying Zeng,CL,F,SENIOR,,,171,146,2026-05-12,HIGH,
ITTF,135937,https://results.ittf.link/index.php/player-profile/list/60?resetfilters=1&vw_profiles___player_id_raw=135937,Mao,Takamori,Mao Takamori,JP,F,SENIOR,,,169,147,2026-05-12,HIGH,
ITTF,201453,https://results.ittf.link/index.php/player-profile/list/60?resetfilters=1&vw_profiles___player_id_raw=201453,Ming Ying,Loy,Ming Ying Loy,SG,F,SENIOR,,,168,148,2026-05-12,HIGH,
ITTF,133894,https://results.ittf.link/index.php/player-profile/list/60?resetfilters=1&vw_profiles___player_id_raw=133894,Weishan,Liu,Weishan Liu,CN,F,SENIOR,,,167,149,2026-05-12,HIGH,
ITTF,131581,https://results.ittf.link/index.php/player-profile/list/60?resetfilters=1&vw_profiles___player_id_raw=131581,Nicole,Arlia,Nicole Arlia,IT,F,SENIOR,,,167,150,2026-05-12,HIGH,
ITTF,134887,https://results.ittf.link/index.php/player-profile/list/60?resetfilters=1&vw_profiles___player_id_raw=134887,Nithya,Mani,Nithya Mani,IN,F,SENIOR,,,166,151,2026-05-12,HIGH,
ITTF,123505,https://results.ittf.link/index.php/player-profile/list/60?resetfilters=1&vw_profiles___player_id_raw=123505,Chengzhu,Zhu,Chengzhu Zhu,HK,F,SENIOR,,,165,152,2026-05-12,HIGH,
ITTF,134369,https://results.ittf.link/index.php/player-profile/list/60?resetfilters=1&vw_profiles___player_id_raw=134369,Ioana,Singeorzan,Ioana Singeorzan,RO,F,SENIOR,,,161,153,2026-05-12,HIGH,
ITTF,108526,https://results.ittf.link/index.php/player-profile/list/60?resetfilters=1&vw_profiles___player_id_raw=108526,Neda,Shahsavari,Neda Shahsavari,IR,F,SENIOR,,,160,154,2026-05-12,HIGH,
ITTF,133901,https://results.ittf.link/index.php/player-profile/list/60?resetfilters=1&vw_profiles___player_id_raw=133901,Xiangyu,Zhang,Xiangyu Zhang,CN,F,SENIOR,,,159,155,2026-05-12,HIGH,
ITTF,145267,https://results.ittf.link/index.php/player-profile/list/60?resetfilters=1&vw_profiles___player_id_raw=145267,Yuna,Ojio,Yuna Ojio,JP,F,SENIOR,,,159,156,2026-05-12,HIGH,
ITTF,117463,https://results.ittf.link/index.php/player-profile/list/60?resetfilters=1&vw_profiles___player_id_raw=117463,Adina,Diaconu,Adina Diaconu,RO,F,SENIOR,,,156,157,2026-05-12,HIGH,
ITTF,131141,https://results.ittf.link/index.php/player-profile/list/60?resetfilters=1&vw_profiles___player_id_raw=131141,Hanitra,Raharimanana,Hanitra Raharimanana,MG,F,SENIOR,,,155,158,2026-05-12,HIGH,
ITTF,132724,https://results.ittf.link/index.php/player-profile/list/60?resetfilters=1&vw_profiles___player_id_raw=132724,Li Sian,Chang,Li Sian Chang,MY,F,SENIOR,,,154,159,2026-05-12,HIGH,
ITTF,133593,https://results.ittf.link/index.php/player-profile/list/60?resetfilters=1&vw_profiles___player_id_raw=133593,Swastika,Ghosh,Swastika Ghosh,IN,F,SENIOR,,,154,160,2026-05-12,HIGH,
ITTF,134085,https://results.ittf.link/index.php/player-profile/list/60?resetfilters=1&vw_profiles___player_id_raw=134085,Ai Xin,Tee,Ai Xin Tee,MY,F,SENIOR,,,151,161,2026-05-12,HIGH,
ITTF,136401,https://results.ittf.link/index.php/player-profile/list/60?resetfilters=1&vw_profiles___player_id_raw=136401,Enisa,Sadikovic,Enisa Sadikovic,LU,F,SENIOR,,,150,162,2026-05-12,HIGH,
ITTF,131401,https://results.ittf.link/index.php/player-profile/list/60?resetfilters=1&vw_profiles___player_id_raw=131401,Hyojoo,Choi,Hyojoo Choi,KR,F,SENIOR,,,149,163,2026-05-12,HIGH,
ITTF,137574,https://results.ittf.link/index.php/player-profile/list/60?resetfilters=1&vw_profiles___player_id_raw=137574,Vlada,Voronina,Vlada Voronina,XX,F,SENIOR,,,146,164,2026-05-12,HIGH,
ITTF,113908,https://results.ittf.link/index.php/player-profile/list/60?resetfilters=1&vw_profiles___player_id_raw=113908,Yousra,Helmy,Yousra Helmy,EG,F,SENIOR,,,146,165,2026-05-12,HIGH,
ITTF,135039,https://results.ittf.link/index.php/player-profile/list/60?resetfilters=1&vw_profiles___player_id_raw=135039,Zuzanna,Wielgos,Zuzanna Wielgos,PL,F,SENIOR,,,143,166,2026-05-12,HIGH,
ITTF,132257,https://results.ittf.link/index.php/player-profile/list/60?resetfilters=1&vw_profiles___player_id_raw=132257,Su Yong,Cha,Su Yong Cha,KP,F,SENIOR,,,140,167,2026-05-12,HIGH,
ITTF,211037,https://results.ittf.link/index.php/player-profile/list/60?resetfilters=1&vw_profiles___player_id_raw=211037,Kotona,Okada,Kotona Okada,JP,F,SENIOR,,,140,168,2026-05-12,HIGH,
ITTF,131383,https://results.ittf.link/index.php/player-profile/list/60?resetfilters=1&vw_profiles___player_id_raw=131383,Shuohan,Men,Shuohan Men,NL,F,SENIOR,,,140,169,2026-05-12,HIGH,
ITTF,106706,https://results.ittf.link/index.php/player-profile/list/60?resetfilters=1&vw_profiles___player_id_raw=106706,Xia Lian,Ni,Xia Lian Ni,LU,F,SENIOR,,,139,170,2026-05-12,HIGH,
ITTF,136543,https://results.ittf.link/index.php/player-profile/list/60?resetfilters=1&vw_profiles___player_id_raw=136543,Reina,Aso,Reina Aso,JP,F,SENIOR,,,138,171,2026-05-12,HIGH,
ITTF,131086,https://results.ittf.link/index.php/player-profile/list/60?resetfilters=1&vw_profiles___player_id_raw=131086,Franziska,Schreiner,Franziska Schreiner,DE,F,SENIOR,,,136,172,2026-05-12,HIGH,
ITTF,133113,https://results.ittf.link/index.php/player-profile/list/60?resetfilters=1&vw_profiles___player_id_raw=133113,Sarvinoz,Mirkadirova,Sarvinoz Mirkadirova,KZ,F,SENIOR,,,135,173,2026-05-12,HIGH,
ITTF,122660,https://results.ittf.link/index.php/player-profile/list/60?resetfilters=1&vw_profiles___player_id_raw=122660,Ajoke,Ojomu,Ajoke Ojomu,NG,F,SENIOR,,,134,174,2026-05-12,HIGH,
ITTF,133340,https://results.ittf.link/index.php/player-profile/list/60?resetfilters=1&vw_profiles___player_id_raw=133340,Ece,Harac,Ece Harac,TR,F,SENIOR,,,133,175,2026-05-12,HIGH,
ITTF,116152,https://results.ittf.link/index.php/player-profile/list/60?resetfilters=1&vw_profiles___player_id_raw=116152,Yee Lok,Lam,Yee Lok Lam,HK,F,SENIOR,,,127,176,2026-05-12,HIGH,
ITTF,209548,https://results.ittf.link/index.php/player-profile/list/60?resetfilters=1&vw_profiles___player_id_raw=209548,Maylis,Giret,Maylis Giret,NC,F,SENIOR,,,125,177,2026-05-12,HIGH,
ITTF,110995,https://results.ittf.link/index.php/player-profile/list/60?resetfilters=1&vw_profiles___player_id_raw=110995,Debora,Vivarelli,Debora Vivarelli,IT,F,SENIOR,,,125,178,2026-05-12,HIGH,
ITTF,145035,https://results.ittf.link/index.php/player-profile/list/60?resetfilters=1&vw_profiles___player_id_raw=145035,Jia-En,Wu,Jia-En Wu,TW,F,SENIOR,,,124,179,2026-05-12,HIGH,
ITTF,132892,https://results.ittf.link/index.php/player-profile/list/60?resetfilters=1&vw_profiles___player_id_raw=132892,Karen,Lyne,Karen Lyne,MY,F,SENIOR,,,123,180,2026-05-12,HIGH,
ITTF,133945,https://results.ittf.link/index.php/player-profile/list/60?resetfilters=1&vw_profiles___player_id_raw=133945,Anastasiya,Dymytrenko,Anastasiya Dymytrenko,UA,F,SENIOR,,,120,181,2026-05-12,HIGH,
ITTF,209007,https://results.ittf.link/index.php/player-profile/list/60?resetfilters=1&vw_profiles___player_id_raw=209007,Ruixuan,Yao,Ruixuan Yao,CN,F,SENIOR,,,118,182,2026-05-12,HIGH,
ITTF,134356,https://results.ittf.link/index.php/player-profile/list/60?resetfilters=1&vw_profiles___player_id_raw=134356,Arantxa,Cossio,Arantxa Cossio,MX,F,SENIOR,,,118,183,2026-05-12,HIGH,
ITTF,123972,https://results.ittf.link/index.php/player-profile/list/60?resetfilters=1&vw_profiles___player_id_raw=123972,Haeeun,Choi,Haeeun Choi,KR,F,SENIOR,,,117,184,2026-05-12,HIGH,
ITTF,137036,https://results.ittf.link/index.php/player-profile/list/60?resetfilters=1&vw_profiles___player_id_raw=137036,Fanny,Doutaz,Fanny Doutaz,CH,F,SENIOR,,,115,185,2026-05-12,HIGH,
ITTF,132715,https://results.ittf.link/index.php/player-profile/list/60?resetfilters=1&vw_profiles___player_id_raw=132715,Siwoo,Yoo,Siwoo Yoo,KR,F,SENIOR,,,115,186,2026-05-12,HIGH,
ITTF,121890,https://results.ittf.link/index.php/player-profile/list/60?resetfilters=1&vw_profiles___player_id_raw=121890,Ema,Labosova,Ema Labosova,SK,F,SENIOR,,,113,187,2026-05-12,HIGH,
ITTF,115379,https://results.ittf.link/index.php/player-profile/list/60?resetfilters=1&vw_profiles___player_id_raw=115379,Fatimo,Bello,Fatimo Bello,NG,F,SENIOR,,,112,188,2026-05-12,HIGH,
ITTF,112453,https://results.ittf.link/index.php/player-profile/list/60?resetfilters=1&vw_profiles___player_id_raw=112453,Mateja,Jeger,Mateja Jeger,HR,F,SENIOR,,,112,189,2026-05-12,HIGH,
ITTF,135698,https://results.ittf.link/index.php/player-profile/list/60?resetfilters=1&vw_profiles___player_id_raw=135698,Jiangshan,Guo,Jiangshan Guo,US,F,SENIOR,,,110,190,2026-05-12,HIGH,
ITTF,131846,https://results.ittf.link/index.php/player-profile/list/60?resetfilters=1&vw_profiles___player_id_raw=131846,Isa,Cok,Isa Cok,FR,F,SENIOR,,,109,191,2026-05-12,HIGH,
ITTF,209319,https://results.ittf.link/index.php/player-profile/list/60?resetfilters=1&vw_profiles___player_id_raw=209319,Yui,Sakuma,Yui Sakuma,JP,F,SENIOR,,,108,192,2026-05-12,HIGH,
ITTF,207052,https://results.ittf.link/index.php/player-profile/list/60?resetfilters=1&vw_profiles___player_id_raw=207052,Sunny,Zhang,Sunny Zhang,CA,F,SENIOR,,,108,193,2026-05-12,HIGH,
ITTF,200317,https://results.ittf.link/index.php/player-profile/list/60?resetfilters=1&vw_profiles___player_id_raw=200317,Sayali,Wani,Sayali Wani,IN,F,SENIOR,,,108,194,2026-05-12,HIGH,
ITTF,132909,https://results.ittf.link/index.php/player-profile/list/60?resetfilters=1&vw_profiles___player_id_raw=132909,Anusha,Kutumbale,Anusha Kutumbale,IN,F,SENIOR,,,106,195,2026-05-12,HIGH,
ITTF,119749,https://results.ittf.link/index.php/player-profile/list/60?resetfilters=1&vw_profiles___player_id_raw=119749,Yu-Chiao,Huang,Yu-Chiao Huang,TW,F,SENIOR,,,106,196,2026-05-12,HIGH,
ITTF,132028,https://results.ittf.link/index.php/player-profile/list/60?resetfilters=1&vw_profiles___player_id_raw=132028,Farida,Badawy,Farida Badawy,EG,F,SENIOR,,,105,197,2026-05-12,HIGH,
ITTF,131559,https://results.ittf.link/index.php/player-profile/list/60?resetfilters=1&vw_profiles___player_id_raw=131559,Shima,Safaei,Shima Safaei,IR,F,SENIOR,,,104,198,2026-05-12,HIGH,
ITTF,145544,https://results.ittf.link/index.php/player-profile/list/60?resetfilters=1&vw_profiles___player_id_raw=145544,Leana,Hochart,Leana Hochart,FR,F,SENIOR,,,103,199,2026-05-12,HIGH,
ITTF,131618,https://results.ittf.link/index.php/player-profile/list/60?resetfilters=1&vw_profiles___player_id_raw=131618,Clio,Barcenas,Clio Barcenas,MX,F,SENIOR,,,102,200,2026-05-12,HIGH,
ITTF,118893,https://results.ittf.link/index.php/player-profile/list/60?resetfilters=1&vw_profiles___player_id_raw=118893,Karoline,Mischek,Karoline Mischek,AT,F,SENIOR,,,101,201,2026-05-12,HIGH,
ITTF,136258,https://results.ittf.link/index.php/player-profile/list/60?resetfilters=1&vw_profiles___player_id_raw=136258,Lilou,Massart,Lilou Massart,BE,F,SENIOR,,,101,202,2026-05-12,HIGH,
ITTF,221668,https://results.ittf.link/index.php/player-profile/list/60?resetfilters=1&vw_profiles___player_id_raw=221668,Shang,Zhao,Shang Zhao,CN,F,SENIOR,,,100,203,2026-05-12,HIGH,
ITTF,133117,https://results.ittf.link/index.php/player-profile/list/60?resetfilters=1&vw_profiles___player_id_raw=133117,Maria,Panfilova,Maria Panfilova,XX,F,SENIOR,,,99,204,2026-05-12,HIGH,
ITTF,135660,https://results.ittf.link/index.php/player-profile/list/60?resetfilters=1&vw_profiles___player_id_raw=135660,Matilde,Pinto,Matilde Pinto,PT,F,SENIOR,,,98,205,2026-05-12,HIGH,
ITTF,137647,https://results.ittf.link/index.php/player-profile/list/60?resetfilters=1&vw_profiles___player_id_raw=137647,Alondra,Rodriguez,Alondra Rodriguez,PR,F,SENIOR,,,98,206,2026-05-12,HIGH,
ITTF,200271,https://results.ittf.link/index.php/player-profile/list/60?resetfilters=1&vw_profiles___player_id_raw=200271,Nina,Skerbinz,Nina Skerbinz,AT,F,SENIOR,,,96,207,2026-05-12,HIGH,
ITTF,202723,https://results.ittf.link/index.php/player-profile/list/60?resetfilters=1&vw_profiles___player_id_raw=202723,Divyanshi,Bhowmick,Divyanshi Bhowmick,IN,F,SENIOR,,,94,208,2026-05-12,HIGH,
ITTF,145455,https://results.ittf.link/index.php/player-profile/list/60?resetfilters=1&vw_profiles___player_id_raw=145455,Taneesha,Kotecha,Taneesha Kotecha,IN,F,SENIOR,,,94,209,2026-05-12,HIGH,
ITTF,202166,https://results.ittf.link/index.php/player-profile/list/60?resetfilters=1&vw_profiles___player_id_raw=202166,Jemimah,Nakawala,Jemimah Nakawala,UG,F,SENIOR,,,93,210,2026-05-12,HIGH,
ITTF,201874,https://results.ittf.link/index.php/player-profile/list/60?resetfilters=1&vw_profiles___player_id_raw=201874,Ying Syuan,Wu,Ying Syuan Wu,TW,F,SENIOR,,,93,211,2026-05-12,HIGH,
ITTF,120020,https://results.ittf.link/index.php/player-profile/list/60?resetfilters=1&vw_profiles___player_id_raw=120020,Abir,Haj Salah,Abir Haj Salah,TN,F,SENIOR,,,92,212,2026-05-12,HIGH,
ITTF,136153,https://results.ittf.link/index.php/player-profile/list/60?resetfilters=1&vw_profiles___player_id_raw=136153,Bianca,Mei-Rosu,Bianca Mei-Rosu,RO,F,SENIOR,,,92,213,2026-05-12,HIGH,
ITTF,200225,https://results.ittf.link/index.php/player-profile/list/60?resetfilters=1&vw_profiles___player_id_raw=200225,Ayumi,Moriyama Picard,Ayumi Moriyama Picard,NZ,F,SENIOR,,,90,214,2026-05-12,HIGH,
ITTF,206508,https://results.ittf.link/index.php/player-profile/list/60?resetfilters=1&vw_profiles___player_id_raw=206508,Yelena,Yi,Yelena Yi,NZ,F,SENIOR,,,90,215,2026-05-12,HIGH,
ITTF,210240,https://results.ittf.link/index.php/player-profile/list/60?resetfilters=1&vw_profiles___player_id_raw=210240,Josephine,Chong,Josephine Chong,NZ,F,SENIOR,,,90,216,2026-05-12,HIGH,
ITTF,221467,https://results.ittf.link/index.php/player-profile/list/60?resetfilters=1&vw_profiles___player_id_raw=221467,Clara,Sayegh,Clara Sayegh,PF,F,SENIOR,,,90,217,2026-05-12,HIGH,
ITTF,204591,https://results.ittf.link/index.php/player-profile/list/60?resetfilters=1&vw_profiles___player_id_raw=204591,Jade,Morice,Jade Morice,DZ,F,SENIOR,,,90,218,2026-05-12,HIGH,
ITTF,146173,https://results.ittf.link/index.php/player-profile/list/60?resetfilters=1&vw_profiles___player_id_raw=146173,Ela,Saidi,Ela Saidi,TN,F,SENIOR,,,90,219,2026-05-12,HIGH,
ITTF,200323,https://results.ittf.link/index.php/player-profile/list/60?resetfilters=1&vw_profiles___player_id_raw=200323,Zhanerke,Koshkumbayeva,Zhanerke Koshkumbayeva,KZ,F,SENIOR,,,87,220,2026-05-12,HIGH,
ITTF,111053,https://results.ittf.link/index.php/player-profile/list/60?resetfilters=1&vw_profiles___player_id_raw=111053,Ana,Codina,Ana Codina,AR,F,SENIOR,,,86,221,2026-05-12,HIGH,
ITTF,112086,https://results.ittf.link/index.php/player-profile/list/60?resetfilters=1&vw_profiles___player_id_raw=112086,Danisha,Patel,Danisha Patel,ZA,F,SENIOR,,,85,222,2026-05-12,HIGH,
ITTF,118685,https://results.ittf.link/index.php/player-profile/list/60?resetfilters=1&vw_profiles___player_id_raw=118685,Valeriia,Shcherbatykh,Valeriia Shcherbatykh,XX,F,SENIOR,,,83,223,2026-05-12,HIGH,
ITTF,123548,https://results.ittf.link/index.php/player-profile/list/60?resetfilters=1&vw_profiles___player_id_raw=123548,Claire,Picard,Claire Picard,FR,F,SENIOR,,,82,224,2026-05-12,HIGH,
ITTF,133426,https://results.ittf.link/index.php/player-profile/list/60?resetfilters=1&vw_profiles___player_id_raw=133426,Sara,Tokic,Sara Tokic,SI,F,SENIOR,,,82,225,2026-05-12,HIGH,
ITTF,144239,https://results.ittf.link/index.php/player-profile/list/60?resetfilters=1&vw_profiles___player_id_raw=144239,Karina,Shiray,Karina Shiray,BR,F,SENIOR,,,82,226,2026-05-12,HIGH,
ITTF,122842,https://results.ittf.link/index.php/player-profile/list/60?resetfilters=1&vw_profiles___player_id_raw=122842,Ana,Tofant,Ana Tofant,SI,F,SENIOR,,,82,227,2026-05-12,HIGH,
ITTF,113565,https://results.ittf.link/index.php/player-profile/list/60?resetfilters=1&vw_profiles___player_id_raw=113565,Cynthia,Kwabi,Cynthia Kwabi,GH,F,SENIOR,,,80,228,2026-05-12,HIGH,
ITTF,121040,https://results.ittf.link/index.php/player-profile/list/60?resetfilters=1&vw_profiles___player_id_raw=121040,Anna,Wegrzyn,Anna Wegrzyn,PL,F,SENIOR,,,80,229,2026-05-12,HIGH,
ITTF,133723,https://results.ittf.link/index.php/player-profile/list/60?resetfilters=1&vw_profiles___player_id_raw=133723,Sukurat,Aiyelabegan,Sukurat Aiyelabegan,NG,F,SENIOR,,,79,230,2026-05-12,HIGH,
ITTF,202645,https://results.ittf.link/index.php/player-profile/list/60?resetfilters=1&vw_profiles___player_id_raw=202645,Rochica,Sonday,Rochica Sonday,ZA,F,SENIOR,,,79,231,2026-05-12,HIGH,
ITTF,200606,https://results.ittf.link/index.php/player-profile/list/60?resetfilters=1&vw_profiles___player_id_raw=200606,Irene,Yeoh,Irene Yeoh,US,F,SENIOR,,,79,232,2026-05-12,HIGH,
ITTF,131818,https://results.ittf.link/index.php/player-profile/list/60?resetfilters=1&vw_profiles___player_id_raw=131818,Nandeshwaree,Jalim,Nandeshwaree Jalim,MU,F,SENIOR,,,77,233,2026-05-12,HIGH,
ITTF,109453,https://results.ittf.link/index.php/player-profile/list/60?resetfilters=1&vw_profiles___player_id_raw=109453,Andrea,Todorovic,Andrea Todorovic,RS,F,SENIOR,,,77,234,2026-05-12,HIGH,
ITTF,136180,https://results.ittf.link/index.php/player-profile/list/60?resetfilters=1&vw_profiles___player_id_raw=136180,Elvira,Rad,Elvira Rad,ES,F,SENIOR,,,77,235,2026-05-12,HIGH,
ITTF,135190,https://results.ittf.link/index.php/player-profile/list/60?resetfilters=1&vw_profiles___player_id_raw=135190,Hoi Tung,Wong,Hoi Tung Wong,HK,F,SENIOR,,,76,236,2026-05-12,HIGH,
ITTF,100503,https://results.ittf.link/index.php/player-profile/list/60?resetfilters=1&vw_profiles___player_id_raw=100503,Ammadine,Litobaka,Ammadine Litobaka,CD,F,SENIOR,,,75,237,2026-05-12,HIGH,
ITTF,132023,https://results.ittf.link/index.php/player-profile/list/60?resetfilters=1&vw_profiles___player_id_raw=132023,Hend,Fathy,Hend Fathy,EG,F,SENIOR,,,75,238,2026-05-12,HIGH,
ITTF,132702,https://results.ittf.link/index.php/player-profile/list/60?resetfilters=1&vw_profiles___player_id_raw=132702,Daeun,Lee,Daeun Lee,KR,F,SENIOR,,,75,239,2026-05-12,HIGH,
ITTF,203313,https://results.ittf.link/index.php/player-profile/list/60?resetfilters=1&vw_profiles___player_id_raw=203313,Min-Hsin,Chen,Min-Hsin Chen,TW,F,SENIOR,,,75,240,2026-05-12,HIGH,
ITTF,136712,https://results.ittf.link/index.php/player-profile/list/60?resetfilters=1&vw_profiles___player_id_raw=136712,Anne,Uesawa,Anne Uesawa,JP,F,SENIOR,,,74,241,2026-05-12,HIGH,
ITTF,122419,https://results.ittf.link/index.php/player-profile/list/60?resetfilters=1&vw_profiles___player_id_raw=122419,Ivy,Liao,Ivy Liao,CA,F,SENIOR,,,73,242,2026-05-12,HIGH,
ITTF,202970,https://results.ittf.link/index.php/player-profile/list/60?resetfilters=1&vw_profiles___player_id_raw=202970,Yutong,Yan,Yutong Yan,CN,F,SENIOR,,,73,243,2026-05-12,HIGH,
ITTF,131454,https://results.ittf.link/index.php/player-profile/list/60?resetfilters=1&vw_profiles___player_id_raw=131454,Matilda,Hansson,Matilda Hansson,SE,F,SENIOR,,,72,244,2026-05-12,HIGH,
ITTF,205512,https://results.ittf.link/index.php/player-profile/list/60?resetfilters=1&vw_profiles___player_id_raw=205512,Miku,Matsushima,Miku Matsushima,JP,F,SENIOR,,,72,245,2026-05-12,HIGH,
ITTF,135310,https://results.ittf.link/index.php/player-profile/list/60?resetfilters=1&vw_profiles___player_id_raw=135310,Hend,Zaza,Hend Zaza,SY,F,SENIOR,,,71,246,2026-05-12,HIGH,
ITTF,135571,https://results.ittf.link/index.php/player-profile/list/60?resetfilters=1&vw_profiles___player_id_raw=135571,Chloe,Lai,Chloe Lai,SG,F,SENIOR,,,71,247,2026-05-12,HIGH,
ITTF,137073,https://results.ittf.link/index.php/player-profile/list/60?resetfilters=1&vw_profiles___player_id_raw=137073,Chia-I,Chen,Chia-I Chen,TW,F,SENIOR,,,70,248,2026-05-12,HIGH,
ITTF,124049,https://results.ittf.link/index.php/player-profile/list/60?resetfilters=1&vw_profiles___player_id_raw=124049,Rosalba,Aguiar,Rosalba Aguiar,CU,F,SENIOR,,,70,249,2026-05-12,HIGH,
ITTF,113587,https://results.ittf.link/index.php/player-profile/list/60?resetfilters=1&vw_profiles___player_id_raw=113587,Charlotte,Carey,Charlotte Carey,GB,F,SENIOR,,,68,250,2026-05-12,HIGH,
ITTF,132760,https://results.ittf.link/index.php/player-profile/list/60?resetfilters=1&vw_profiles___player_id_raw=132760,Yashini,Sivasankar,Yashini Sivasankar,IN,F,SENIOR,,,68,251,2026-05-12,HIGH,
ITTF,145805,https://results.ittf.link/index.php/player-profile/list/60?resetfilters=1&vw_profiles___player_id_raw=145805,Seoyeon,Choi,Seoyeon Choi,KR,F,SENIOR,,,68,252,2026-05-12,HIGH,
ITTF,202345,https://results.ittf.link/index.php/player-profile/list/60?resetfilters=1&vw_profiles___player_id_raw=202345,Phatsaraphon,Wonglakhon,Phatsaraphon Wonglakhon,TH,F,SENIOR,,,66,253,2026-05-12,HIGH,
ITTF,202164,https://results.ittf.link/index.php/player-profile/list/60?resetfilters=1&vw_profiles___player_id_raw=202164,Judith,Nangonzi,Judith Nangonzi,UG,F,SENIOR,,,65,254,2026-05-12,HIGH,
ITTF,146284,https://results.ittf.link/index.php/player-profile/list/60?resetfilters=1&vw_profiles___player_id_raw=146284,Cristina,Gomez,Cristina Gomez,VE,F,SENIOR,,,65,255,2026-05-12,HIGH,
ITTF,221708,https://results.ittf.link/index.php/player-profile/list/60?resetfilters=1&vw_profiles___player_id_raw=221708,Favour,Ojo,Favour Ojo,NG,F,SENIOR,,,64,256,2026-05-12,HIGH,
ITTF,145182,https://results.ittf.link/index.php/player-profile/list/60?resetfilters=1&vw_profiles___player_id_raw=145182,Casonya,Bates,Casonya Bates,CK,F,SENIOR,,,60,257,2026-05-12,HIGH,
ITTF,137183,https://results.ittf.link/index.php/player-profile/list/60?resetfilters=1&vw_profiles___player_id_raw=137183,Kristal,Melendez,Kristal Melendez,PR,F,SENIOR,,,60,258,2026-05-12,HIGH,
ITTF,111517,https://results.ittf.link/index.php/player-profile/list/60?resetfilters=1&vw_profiles___player_id_raw=111517,Eva,Brito,Eva Brito,DO,F,SENIOR,,,60,259,2026-05-12,HIGH,
ITTF,132320,https://results.ittf.link/index.php/player-profile/list/60?resetfilters=1&vw_profiles___player_id_raw=132320,Hoi Man,Lee,Hoi Man Lee,HK,F,SENIOR,,,59,260,2026-05-12,HIGH,
ITTF,132978,https://results.ittf.link/index.php/player-profile/list/60?resetfilters=1&vw_profiles___player_id_raw=132978,Sophia,Klee,Sophia Klee,DE,F,SENIOR,,,59,261,2026-05-12,HIGH,
ITTF,120719,https://results.ittf.link/index.php/player-profile/list/60?resetfilters=1&vw_profiles___player_id_raw=120719,Isabel,Albino,Isabel Albino,AO,F,SENIOR,,,58,262,2026-05-12,HIGH,
ITTF,145615,https://results.ittf.link/index.php/player-profile/list/60?resetfilters=1&vw_profiles___player_id_raw=145615,Julia,Leal,Julia Leal,PT,F,SENIOR,,,58,263,2026-05-12,HIGH,
ITTF,122988,https://results.ittf.link/index.php/player-profile/list/60?resetfilters=1&vw_profiles___player_id_raw=122988,Andrea,Pavlovic,Andrea Pavlovic,HR,F,SENIOR,,,58,264,2026-05-12,HIGH,
ITTF,121706,https://results.ittf.link/index.php/player-profile/list/60?resetfilters=1&vw_profiles___player_id_raw=121706,Mariia,Tailakova,Mariia Tailakova,XX,F,SENIOR,,,57,265,2026-05-12,HIGH,
ITTF,221465,https://results.ittf.link/index.php/player-profile/list/60?resetfilters=1&vw_profiles___player_id_raw=221465,Kahealani,Mousson,Kahealani Mousson,PF,F,SENIOR,,,55,266,2026-05-12,HIGH,
ITTF,209916,https://results.ittf.link/index.php/player-profile/list/60?resetfilters=1&vw_profiles___player_id_raw=209916,Lorenza,Koulaouinhi,Lorenza Koulaouinhi,CM,F,SENIOR,,,55,267,2026-05-12,HIGH,
ITTF,118126,https://results.ittf.link/index.php/player-profile/list/60?resetfilters=1&vw_profiles___player_id_raw=118126,Nathaly,Paredes,Nathaly Paredes,EC,F,SENIOR,,,55,268,2026-05-12,HIGH,
ITTF,136406,https://results.ittf.link/index.php/player-profile/list/60?resetfilters=1&vw_profiles___player_id_raw=136406,Estela,Crespo,Estela Crespo,CU,F,SENIOR,,,55,269,2026-05-12,HIGH,
ITTF,123894,https://results.ittf.link/index.php/player-profile/list/60?resetfilters=1&vw_profiles___player_id_raw=123894,Jinnipa,Sawettabut,Jinnipa Sawettabut,TH,F,SENIOR,,,55,270,2026-05-12,HIGH,
ITTF,144098,https://results.ittf.link/index.php/player-profile/list/60?resetfilters=1&vw_profiles___player_id_raw=144098,Maria,Berzosa,Maria Berzosa,ES,F,SENIOR,,,55,271,2026-05-12,HIGH,
ITTF,115891,https://results.ittf.link/index.php/player-profile/list/60?resetfilters=1&vw_profiles___player_id_raw=115891,Aneta,Maksuti,Aneta Maksuti,RS,F,SENIOR,,,54,272,2026-05-12,HIGH,
ITTF,136424,https://results.ittf.link/index.php/player-profile/list/60?resetfilters=1&vw_profiles___player_id_raw=136424,Sofia,Vega,Sofia Vega,CL,F,SENIOR,,,54,273,2026-05-12,HIGH,
ITTF,119109,https://results.ittf.link/index.php/player-profile/list/60?resetfilters=1&vw_profiles___player_id_raw=119109,Camila,Arguelles,Camila Arguelles,AR,F,SENIOR,,,54,274,2026-05-12,HIGH,
ITTF,131914,https://results.ittf.link/index.php/player-profile/list/60?resetfilters=1&vw_profiles___player_id_raw=131914,Suhana,Saini,Suhana Saini,IN,F,SENIOR,,,54,275,2026-05-12,HIGH,
ITTF,146232,https://results.ittf.link/index.php/player-profile/list/60?resetfilters=1&vw_profiles___player_id_raw=146232,Nina,Guo Zheng,Nina Guo Zheng,FR,F,SENIOR,,,54,276,2026-05-12,HIGH,
ITTF,146280,https://results.ittf.link/index.php/player-profile/list/60?resetfilters=1&vw_profiles___player_id_raw=146280,Chi-Shiuan,Chen,Chi-Shiuan Chen,TW,F,SENIOR,,,51,277,2026-05-12,HIGH,
ITTF,135373,https://results.ittf.link/index.php/player-profile/list/60?resetfilters=1&vw_profiles___player_id_raw=135373,Seoyun,Kim,Seoyun Kim,KR,F,SENIOR,,,51,278,2026-05-12,HIGH,
ITTF,134345,https://results.ittf.link/index.php/player-profile/list/60?resetfilters=1&vw_profiles___player_id_raw=134345,Dora,Cosic,Dora Cosic,HR,F,SENIOR,,,51,279,2026-05-12,HIGH,
ITTF,133475,https://results.ittf.link/index.php/player-profile/list/60?resetfilters=1&vw_profiles___player_id_raw=133475,Alaa,Yehia,Alaa Yehia,EG,F,SENIOR,,,50,280,2026-05-12,HIGH,
ITTF,206219,https://results.ittf.link/index.php/player-profile/list/60?resetfilters=1&vw_profiles___player_id_raw=206219,Huize,Yang,Huize Yang,CN,F,SENIOR,,,49,281,2026-05-12,HIGH,
ITTF,146091,https://results.ittf.link/index.php/player-profile/list/60?resetfilters=1&vw_profiles___player_id_raw=146091,Victoria,Strassburger,Victoria Strassburger,BR,F,SENIOR,,,49,282,2026-05-12,HIGH,
ITTF,133026,https://results.ittf.link/index.php/player-profile/list/60?resetfilters=1&vw_profiles___player_id_raw=133026,Ozge,Yilmaz,Ozge Yilmaz,TR,F,SENIOR,,,49,283,2026-05-12,HIGH,
ITTF,135187,https://results.ittf.link/index.php/player-profile/list/60?resetfilters=1&vw_profiles___player_id_raw=135187,Tsz Lam,Kong,Tsz Lam Kong,HK,F,SENIOR,,,49,284,2026-05-12,HIGH,
ITTF,200875,https://results.ittf.link/index.php/player-profile/list/60?resetfilters=1&vw_profiles___player_id_raw=200875,Rebeka,Nagy,Rebeka Nagy,HU,F,SENIOR,,,48,285,2026-05-12,HIGH,
ITTF,133758,https://results.ittf.link/index.php/player-profile/list/60?resetfilters=1&vw_profiles___player_id_raw=133758,Anna,Brzyska,Anna Brzyska,PL,F,SENIOR,,,48,286,2026-05-12,HIGH,
ITTF,201083,https://results.ittf.link/index.php/player-profile/list/60?resetfilters=1&vw_profiles___player_id_raw=201083,Alexia,Nodin,Alexia Nodin,FR,F,SENIOR,,,48,287,2026-05-12,HIGH,
ITTF,200331,https://results.ittf.link/index.php/player-profile/list/60?resetfilters=1&vw_profiles___player_id_raw=200331,Mariam,Brahimi,Mariam Brahimi,TN,F,SENIOR,,,47,288,2026-05-12,HIGH,
ITTF,117150,https://results.ittf.link/index.php/player-profile/list/60?resetfilters=1&vw_profiles___player_id_raw=117150,Fadwa,Garci,Fadwa Garci,TN,F,SENIOR,,,47,289,2026-05-12,HIGH,
ITTF,131741,https://results.ittf.link/index.php/player-profile/list/60?resetfilters=1&vw_profiles___player_id_raw=131741,Maram,Zoghlami,Maram Zoghlami,TN,F,SENIOR,,,47,290,2026-05-12,HIGH,
ITTF,132283,https://results.ittf.link/index.php/player-profile/list/60?resetfilters=1&vw_profiles___player_id_raw=132283,Danielle,Kelly,Danielle Kelly,GB,F,SENIOR,,,46,291,2026-05-12,HIGH,
ITTF,221464,https://results.ittf.link/index.php/player-profile/list/60?resetfilters=1&vw_profiles___player_id_raw=221464,Vanille,Mauahiti,Vanille Mauahiti,PF,F,SENIOR,,,45,292,2026-05-12,HIGH,
ITTF,137275,https://results.ittf.link/index.php/player-profile/list/60?resetfilters=1&vw_profiles___player_id_raw=137275,Seungeun,Lee,Seungeun Lee,KR,F,SENIOR,,,45,293,2026-05-12,HIGH,
ITTF,200268,https://results.ittf.link/index.php/player-profile/list/60?resetfilters=1&vw_profiles___player_id_raw=200268,Nora,Dohoczki,Nora Dohoczki,HU,F,SENIOR,,,44,294,2026-05-12,HIGH,
ITTF,131455,https://results.ittf.link/index.php/player-profile/list/60?resetfilters=1&vw_profiles___player_id_raw=131455,Nomin,Baasan,Nomin Baasan,SE,F,SENIOR,,,44,295,2026-05-12,HIGH,
ITTF,136491,https://results.ittf.link/index.php/player-profile/list/60?resetfilters=1&vw_profiles___player_id_raw=136491,Kheith,Cruz,Kheith Cruz,PH,F,SENIOR,,,44,296,2026-05-12,HIGH,
ITTF,145804,https://results.ittf.link/index.php/player-profile/list/60?resetfilters=1&vw_profiles___player_id_raw=145804,Hansini,Mathan,Hansini Mathan,IN,F,SENIOR,,,43,297,2026-05-12,HIGH,
ITTF,117035,https://results.ittf.link/index.php/player-profile/list/60?resetfilters=1&vw_profiles___player_id_raw=117035,Krittwika,Roy,Krittwika Roy,IN,F,SENIOR,,,43,298,2026-05-12,HIGH,
ITTF,212966,https://results.ittf.link/index.php/player-profile/list/60?resetfilters=1&vw_profiles___player_id_raw=212966,Satya,Aspathi,Satya Aspathi,US,F,SENIOR,,,43,299,2026-05-12,HIGH,
ITTF,124506,https://results.ittf.link/index.php/player-profile/list/60?resetfilters=1&vw_profiles___player_id_raw=124506,Valentina,Rios,Valentina Rios,CL,F,SENIOR,,,43,300,2026-05-12,HIGH,
ITTF,145739,https://results.ittf.link/index.php/player-profile/list/60?resetfilters=1&vw_profiles___player_id_raw=145739,Shriya,Anand,Shriya Anand,IN,F,SENIOR,,,43,301,2026-05-12,HIGH,
ITTF,145746,https://results.ittf.link/index.php/player-profile/list/60?resetfilters=1&vw_profiles___player_id_raw=145746,Veronika,Polakova,Veronika Polakova,CZ,F,SENIOR,,,43,302,2026-05-12,HIGH,
ITTF,115850,https://results.ittf.link/index.php/player-profile/list/60?resetfilters=1&vw_profiles___player_id_raw=115850,Aikaterini,Toliou,Aikaterini Toliou,GR,F,SENIOR,,,42,303,2026-05-12,HIGH,
ITTF,134888,https://results.ittf.link/index.php/player-profile/list/60?resetfilters=1&vw_profiles___player_id_raw=134888,Poymantee,Baisya,Poymantee Baisya,IN,F,SENIOR,,,42,304,2026-05-12,HIGH,
ITTF,200095,https://results.ittf.link/index.php/player-profile/list/60?resetfilters=1&vw_profiles___player_id_raw=200095,Hanka,Kodet,Hanka Kodet,CZ,F,SENIOR,,,42,305,2026-05-12,HIGH,
ITTF,133707,https://results.ittf.link/index.php/player-profile/list/60?resetfilters=1&vw_profiles___player_id_raw=133707,Seoyoung,Byun,Seoyoung Byun,KR,F,SENIOR,,,41,306,2026-05-12,HIGH,
ITTF,146298,https://results.ittf.link/index.php/player-profile/list/60?resetfilters=1&vw_profiles___player_id_raw=146298,Arujan,Kamalova,Arujan Kamalova,UZ,F,SENIOR,,,41,307,2026-05-12,HIGH,
ITTF,137185,https://results.ittf.link/index.php/player-profile/list/60?resetfilters=1&vw_profiles___player_id_raw=137185,Edmarie,Leon,Edmarie Leon,PR,F,SENIOR,,,41,308,2026-05-12,HIGH,
ITTF,136947,https://results.ittf.link/index.php/player-profile/list/60?resetfilters=1&vw_profiles___player_id_raw=136947,Lizaveta,Tsimashkova,Lizaveta Tsimashkova,XX,F,SENIOR,,,40,309,2026-05-12,HIGH,
ITTF,200456,https://results.ittf.link/index.php/player-profile/list/60?resetfilters=1&vw_profiles___player_id_raw=200456,Koharu,Itagaki,Koharu Itagaki,DE,F,SENIOR,,,40,310,2026-05-12,HIGH,
ITTF,203536,https://results.ittf.link/index.php/player-profile/list/60?resetfilters=1&vw_profiles___player_id_raw=203536,Tianer,Yu,Tianer Yu,GB,F,SENIOR,,,40,311,2026-05-12,HIGH,
ITTF,210320,https://results.ittf.link/index.php/player-profile/list/60?resetfilters=1&vw_profiles___player_id_raw=210320,Qihui,Zhu,Qihui Zhu,CN,F,SENIOR,,,38,312,2026-05-12,HIGH,
ITTF,204010,https://results.ittf.link/index.php/player-profile/list/60?resetfilters=1&vw_profiles___player_id_raw=204010,Haelin,Lee,Haelin Lee,KR,F,SENIOR,,,38,313,2026-05-12,HIGH,
ITTF,201438,https://results.ittf.link/index.php/player-profile/list/60?resetfilters=1&vw_profiles___player_id_raw=201438,Kulapassr,Vijitviriyagul,Kulapassr Vijitviriyagul,TH,F,SENIOR,,,37,314,2026-05-12,HIGH,
ITTF,113942,https://results.ittf.link/index.php/player-profile/list/60?resetfilters=1&vw_profiles___player_id_raw=113942,Karin,Grofova,Karin Grofova,CZ,F,SENIOR,,,37,315,2026-05-12,HIGH,
ITTF,133396,https://results.ittf.link/index.php/player-profile/list/60?resetfilters=1&vw_profiles___player_id_raw=133396,Leah,Tveit,Leah Tveit,SE,F,SENIOR,,,37,316,2026-05-12,HIGH,
ITTF,136495,https://results.ittf.link/index.php/player-profile/list/60?resetfilters=1&vw_profiles___player_id_raw=136495,Eugenia,Sastre,Eugenia Sastre,ES,F,SENIOR,,,37,317,2026-05-12,HIGH,
ITTF,133609,https://results.ittf.link/index.php/player-profile/list/60?resetfilters=1&vw_profiles___player_id_raw=133609,Julie,Van Hauwaert,Julie Van Hauwaert,BE,F,SENIOR,,,36,318,2026-05-12,HIGH,
ITTF,146301,https://results.ittf.link/index.php/player-profile/list/60?resetfilters=1&vw_profiles___player_id_raw=146301,Asel,Erkebaeva,Asel Erkebaeva,UZ,F,SENIOR,,,36,319,2026-05-12,HIGH,
ITTF,210777,https://results.ittf.link/index.php/player-profile/list/60?resetfilters=1&vw_profiles___player_id_raw=210777,Judith,Mirembe,Judith Mirembe,UG,F,SENIOR,,,35,320,2026-05-12,HIGH,
ITTF,203837,https://results.ittf.link/index.php/player-profile/list/60?resetfilters=1&vw_profiles___player_id_raw=203837,Tanishka,Kalbhairav,Tanishka Kalbhairav,IN,F,SENIOR,,,35,321,2026-05-12,HIGH,
ITTF,135076,https://results.ittf.link/index.php/player-profile/list/60?resetfilters=1&vw_profiles___player_id_raw=135076,Dahee,Kim,Dahee Kim,KR,F,SENIOR,,,35,322,2026-05-12,HIGH,
ITTF,202245,https://results.ittf.link/index.php/player-profile/list/60?resetfilters=1&vw_profiles___player_id_raw=202245,Dahye,Lee,Dahye Lee,KR,F,SENIOR,,,35,323,2026-05-12,HIGH,
ITTF,203618,https://results.ittf.link/index.php/player-profile/list/60?resetfilters=1&vw_profiles___player_id_raw=203618,Yijie,Ding,Yijie Ding,CN,F,SENIOR,,,34,324,2026-05-12,HIGH,
ITTF,209670,https://results.ittf.link/index.php/player-profile/list/60?resetfilters=1&vw_profiles___player_id_raw=209670,Cocona,Muramatsu,Cocona Muramatsu,JP,F,SENIOR,,,34,325,2026-05-12,HIGH,
ITTF,118774,https://results.ittf.link/index.php/player-profile/list/60?resetfilters=1&vw_profiles___player_id_raw=118774,Margo,Degraef,Margo Degraef,BE,F,SENIOR,,,33,326,2026-05-12,HIGH,
ITTF,209464,https://results.ittf.link/index.php/player-profile/list/60?resetfilters=1&vw_profiles___player_id_raw=209464,Seojin,Lee,Seojin Lee,KR,F,SENIOR,,,33,327,2026-05-12,HIGH,
ITTF,107525,https://results.ittf.link/index.php/player-profile/list/60?resetfilters=1&vw_profiles___player_id_raw=107525,Georgina,Pota,Georgina Pota,HU,F,SENIOR,,,33,328,2026-05-12,HIGH,
ITTF,145365,https://results.ittf.link/index.php/player-profile/list/60?resetfilters=1&vw_profiles___player_id_raw=145365,Chloe,Fraser,Chloe Fraser,TT,F,SENIOR,,,33,329,2026-05-12,HIGH,
ITTF,146235,https://results.ittf.link/index.php/player-profile/list/60?resetfilters=1&vw_profiles___player_id_raw=146235,Jade,Huynh,Jade Huynh,FR,F,SENIOR,,,33,330,2026-05-12,HIGH,
ITTF,131171,https://results.ittf.link/index.php/player-profile/list/60?resetfilters=1&vw_profiles___player_id_raw=131171,Selena,Selvakumar,Selena Selvakumar,IN,F,SENIOR,,,32,331,2026-05-12,HIGH,
ITTF,200851,https://results.ittf.link/index.php/player-profile/list/60?resetfilters=1&vw_profiles___player_id_raw=200851,Elina,Fuchs,Elina Fuchs,AT,F,SENIOR,,,32,332,2026-05-12,HIGH,
ITTF,123787,https://results.ittf.link/index.php/player-profile/list/60?resetfilters=1&vw_profiles___player_id_raw=123787,Kailane,Sousa,Kailane Sousa,AO,F,SENIOR,,,32,333,2026-05-12,HIGH,
ITTF,206050,https://results.ittf.link/index.php/player-profile/list/60?resetfilters=1&vw_profiles___player_id_raw=206050,Kabirat,Ayoola,Kabirat Ayoola,NG,F,SENIOR,,,32,334,2026-05-12,HIGH,
ITTF,113197,https://results.ittf.link/index.php/player-profile/list/60?resetfilters=1&vw_profiles___player_id_raw=113197,Aia,Mohamed,Aia Mohamed,QA,F,SENIOR,,,32,335,2026-05-12,HIGH,
ITTF,137626,https://results.ittf.link/index.php/player-profile/list/60?resetfilters=1&vw_profiles___player_id_raw=137626,Elise,Pujol,Elise Pujol,FR,F,SENIOR,,,32,336,2026-05-12,HIGH,
ITTF,203924,https://results.ittf.link/index.php/player-profile/list/60?resetfilters=1&vw_profiles___player_id_raw=203924,Adelina,Khasanova,Adelina Khasanova,UZ,F,SENIOR,,,31,337,2026-05-12,HIGH,
ITTF,207747,https://results.ittf.link/index.php/player-profile/list/60?resetfilters=1&vw_profiles___player_id_raw=207747,Uzzaniah Grace,Notte,Uzzaniah Grace Notte,NR,F,SENIOR,,,31,338,2026-05-12,HIGH,
ITTF,200584,https://results.ittf.link/index.php/player-profile/list/60?resetfilters=1&vw_profiles___player_id_raw=200584,Mandy,Yu,Mandy Yu,US,F,SENIOR,,,31,339,2026-05-12,HIGH,
ITTF,204513,https://results.ittf.link/index.php/player-profile/list/60?resetfilters=1&vw_profiles___player_id_raw=204513,Yein,Jeong,Yein Jeong,KR,F,SENIOR,,,31,340,2026-05-12,HIGH,
ITTF,121708,https://results.ittf.link/index.php/player-profile/list/60?resetfilters=1&vw_profiles___player_id_raw=121708,Tijana,Jokic,Tijana Jokic,RS,F,SENIOR,,,31,341,2026-05-12,HIGH,
ITTF,210319,https://results.ittf.link/index.php/player-profile/list/60?resetfilters=1&vw_profiles___player_id_raw=210319,Yi,Hu,Yi Hu,CN,F,SENIOR,,,30,342,2026-05-12,HIGH,
ITTF,206049,https://results.ittf.link/index.php/player-profile/list/60?resetfilters=1&vw_profiles___player_id_raw=206049,Aziza,Sezuo,Aziza Sezuo,NG,F,SENIOR,,,30,343,2026-05-12,HIGH,
ITTF,111881,https://results.ittf.link/index.php/player-profile/list/60?resetfilters=1&vw_profiles___player_id_raw=111881,Yuan,Liu,Yuan Liu,AT,F,SENIOR,,,30,344,2026-05-12,HIGH,
ITTF,211232,https://results.ittf.link/index.php/player-profile/list/60?resetfilters=1&vw_profiles___player_id_raw=211232,Temehau,Tere,Temehau Tere,PF,F,SENIOR,,,30,345,2026-05-12,HIGH,
ITTF,121959,https://results.ittf.link/index.php/player-profile/list/60?resetfilters=1&vw_profiles___player_id_raw=121959,Mahshid,Ashtari,Mahshid Ashtari,IR,F,SENIOR,,,30,346,2026-05-12,HIGH,
ITTF,209320,https://results.ittf.link/index.php/player-profile/list/60?resetfilters=1&vw_profiles___player_id_raw=209320,Kokomi,Ishida,Kokomi Ishida,JP,F,SENIOR,,,30,347,2026-05-12,HIGH,
ITTF,134295,https://results.ittf.link/index.php/player-profile/list/60?resetfilters=1&vw_profiles___player_id_raw=134295,Elina,Rahimi,Elina Rahimi,IR,F,SENIOR,,,30,348,2026-05-12,HIGH,
ITTF,131728,https://results.ittf.link/index.php/player-profile/list/60?resetfilters=1&vw_profiles___player_id_raw=131728,Ziadath,Akadiri,Ziadath Akadiri,BJ,F,SENIOR,,,30,349,2026-05-12,HIGH,
ITTF,137274,https://results.ittf.link/index.php/player-profile/list/60?resetfilters=1&vw_profiles___player_id_raw=137274,Yeseo,Choi,Yeseo Choi,KR,F,SENIOR,,,30,350,2026-05-12,HIGH,
ITTF,206217,https://results.ittf.link/index.php/player-profile/list/60?resetfilters=1&vw_profiles___player_id_raw=206217,Yiyi,Jiang,Yiyi Jiang,CN,F,SENIOR,,,30,351,2026-05-12,HIGH,
ITTF,202443,https://results.ittf.link/index.php/player-profile/list/60?resetfilters=1&vw_profiles___player_id_raw=202443,Avani,Tripathi,Avani Tripathi,IN,F,SENIOR,,,30,352,2026-05-12,HIGH,
ITTF,137856,https://results.ittf.link/index.php/player-profile/list/60?resetfilters=1&vw_profiles___player_id_raw=137856,Hardee,Patel,Hardee Patel,IN,F,SENIOR,,,30,353,2026-05-12,HIGH,
ITTF,203535,https://results.ittf.link/index.php/player-profile/list/60?resetfilters=1&vw_profiles___player_id_raw=203535,Eunseo,Kim,Eunseo Kim,KR,F,SENIOR,,,30,354,2026-05-12,HIGH,
ITTF,209660,https://results.ittf.link/index.php/player-profile/list/60?resetfilters=1&vw_profiles___player_id_raw=209660,Aishat,Rabiu,Aishat Rabiu,NG,F,SENIOR,,,29,355,2026-05-12,HIGH,
ITTF,122956,https://results.ittf.link/index.php/player-profile/list/60?resetfilters=1&vw_profiles___player_id_raw=122956,Ke,Wang,Ke Wang,US,F,SENIOR,,,29,356,2026-05-12,HIGH,
ITTF,131748,https://results.ittf.link/index.php/player-profile/list/60?resetfilters=1&vw_profiles___player_id_raw=131748,Vivien,Scholz,Vivien Scholz,LU,F,SENIOR,,,29,357,2026-05-12,HIGH,
ITTF,200029,https://results.ittf.link/index.php/player-profile/list/60?resetfilters=1&vw_profiles___player_id_raw=200029,Lucia,Zavaleta,Lucia Zavaleta,CR,F,SENIOR,,,29,358,2026-05-12,HIGH,
ITTF,206951,https://results.ittf.link/index.php/player-profile/list/60?resetfilters=1&vw_profiles___player_id_raw=206951,Michelle,Wu,Michelle Wu,CH,F,SENIOR,,,28,359,2026-05-12,HIGH,
ITTF,220434,https://results.ittf.link/index.php/player-profile/list/60?resetfilters=1&vw_profiles___player_id_raw=220434,Mana,Asada,Mana Asada,JP,F,SENIOR,,,28,360,2026-05-12,HIGH,
ITTF,200876,https://results.ittf.link/index.php/player-profile/list/60?resetfilters=1&vw_profiles___player_id_raw=200876,Judit,Nagy,Judit Nagy,HU,F,SENIOR,,,28,361,2026-05-12,HIGH,
ITTF,145796,https://results.ittf.link/index.php/player-profile/list/60?resetfilters=1&vw_profiles___player_id_raw=145796,Lorena,Morsch,Lorena Morsch,DE,F,SENIOR,,,28,362,2026-05-12,HIGH,
ITTF,145807,https://results.ittf.link/index.php/player-profile/list/60?resetfilters=1&vw_profiles___player_id_raw=145807,Josephina,Neumann,Josephina Neumann,DE,F,SENIOR,,,28,363,2026-05-12,HIGH,
ITTF,213377,https://results.ittf.link/index.php/player-profile/list/60?resetfilters=1&vw_profiles___player_id_raw=213377,Neha,Kumari,Neha Kumari,IN,F,SENIOR,,,27,364,2026-05-12,HIGH,
ITTF,136529,https://results.ittf.link/index.php/player-profile/list/60?resetfilters=1&vw_profiles___player_id_raw=136529,Bimandee,Bandara,Bimandee Bandara,LK,F,SENIOR,,,27,365,2026-05-12,HIGH,
ITTF,135091,https://results.ittf.link/index.php/player-profile/list/60?resetfilters=1&vw_profiles___player_id_raw=135091,Pusyuan,Cheng,Pusyuan Cheng,TW,F,SENIOR,,,27,366,2026-05-12,HIGH,
ITTF,134060,https://results.ittf.link/index.php/player-profile/list/60?resetfilters=1&vw_profiles___player_id_raw=134060,Monica,Munoz,Monica Munoz,MX,F,SENIOR,,,27,367,2026-05-12,HIGH,
ITTF,135760,https://results.ittf.link/index.php/player-profile/list/60?resetfilters=1&vw_profiles___player_id_raw=135760,Beatriz,Fiore,Beatriz Fiore,BR,F,SENIOR,,,27,368,2026-05-12,HIGH,
ITTF,137770,https://results.ittf.link/index.php/player-profile/list/60?resetfilters=1&vw_profiles___player_id_raw=137770,Eseniia,Shirokova,Eseniia Shirokova,XX,F,SENIOR,,,27,369,2026-05-12,HIGH,
ITTF,134330,https://results.ittf.link/index.php/player-profile/list/60?resetfilters=1&vw_profiles___player_id_raw=134330,Dominika,Wiltschkova,Dominika Wiltschkova,SK,F,SENIOR,,,27,370,2026-05-12,HIGH,
ITTF,134338,https://results.ittf.link/index.php/player-profile/list/60?resetfilters=1&vw_profiles___player_id_raw=134338,Jana,Vasendova,Jana Vasendova,CZ,F,SENIOR,,,27,371,2026-05-12,HIGH,
ITTF,131586,https://results.ittf.link/index.php/player-profile/list/60?resetfilters=1&vw_profiles___player_id_raw=131586,Miriam,Carnovale,Miriam Carnovale,IT,F,SENIOR,,,27,372,2026-05-12,HIGH,
ITTF,220446,https://results.ittf.link/index.php/player-profile/list/60?resetfilters=1&vw_profiles___player_id_raw=220446,Sakura,Aoi,Sakura Aoi,JP,F,SENIOR,,,26,373,2026-05-12,HIGH,
ITTF,117367,https://results.ittf.link/index.php/player-profile/list/60?resetfilters=1&vw_profiles___player_id_raw=117367,Amrutha,Pushpak,Amrutha Pushpak,IN,F,SENIOR,,,25,374,2026-05-12,HIGH,
ITTF,131816,https://results.ittf.link/index.php/player-profile/list/60?resetfilters=1&vw_profiles___player_id_raw=131816,Sandhana,Desscann,Sandhana Desscann,MU,F,SENIOR,,,25,375,2026-05-12,HIGH,
ITTF,133647,https://results.ittf.link/index.php/player-profile/list/60?resetfilters=1&vw_profiles___player_id_raw=133647,Musfiquh,Kalam,Musfiquh Kalam,ZA,F,SENIOR,,,25,376,2026-05-12,HIGH,
ITTF,123215,https://results.ittf.link/index.php/player-profile/list/60?resetfilters=1&vw_profiles___player_id_raw=123215,Shruti,Amrute,Shruti Amrute,IN,F,SENIOR,,,25,377,2026-05-12,HIGH,
ITTF,222594,https://results.ittf.link/index.php/player-profile/list/60?resetfilters=1&vw_profiles___player_id_raw=222594,Siwen,Bai,Siwen Bai,CN,F,SENIOR,,,25,378,2026-05-12,HIGH,
ITTF,112900,https://results.ittf.link/index.php/player-profile/list/60?resetfilters=1&vw_profiles___player_id_raw=112900,Thomie,Mossemba,Thomie Mossemba,CG,F,SENIOR,,,25,379,2026-05-12,HIGH,
ITTF,146150,https://results.ittf.link/index.php/player-profile/list/60?resetfilters=1&vw_profiles___player_id_raw=146150,Balkis,Suissi,Balkis Suissi,TN,F,SENIOR,,,25,380,2026-05-12,HIGH,
ITTF,136506,https://results.ittf.link/index.php/player-profile/list/60?resetfilters=1&vw_profiles___player_id_raw=136506,Julie,Kayembe,Julie Kayembe,CD,F,SENIOR,,,25,381,2026-05-12,HIGH,
ITTF,137137,https://results.ittf.link/index.php/player-profile/list/60?resetfilters=1&vw_profiles___player_id_raw=137137,Eva,Adom-Amankwaa,Eva Adom-Amankwaa,GH,F,SENIOR,,,25,382,2026-05-12,HIGH,
ITTF,207008,https://results.ittf.link/index.php/player-profile/list/60?resetfilters=1&vw_profiles___player_id_raw=207008,Joanita,Borteye,Joanita Borteye,GH,F,SENIOR,,,25,383,2026-05-12,HIGH,
ITTF,200319,https://results.ittf.link/index.php/player-profile/list/60?resetfilters=1&vw_profiles___player_id_raw=200319,Prisha,Goel,Prisha Goel,IN,F,SENIOR,,,25,384,2026-05-12,HIGH,
ITTF,209711,https://results.ittf.link/index.php/player-profile/list/60?resetfilters=1&vw_profiles___player_id_raw=209711,Hildy,Chen,Hildy Chen,US,F,SENIOR,,,25,385,2026-05-12,HIGH,
ITTF,136154,https://results.ittf.link/index.php/player-profile/list/60?resetfilters=1&vw_profiles___player_id_raw=136154,Alesia,Sferlea,Alesia Sferlea,RO,F,SENIOR,,,25,386,2026-05-12,HIGH,
ITTF,201909,https://results.ittf.link/index.php/player-profile/list/60?resetfilters=1&vw_profiles___player_id_raw=201909,Dakota,Ferrer,Dakota Ferrer,VE,F,SENIOR,,,25,387,2026-05-12,HIGH,
ITTF,136479,https://results.ittf.link/index.php/player-profile/list/60?resetfilters=1&vw_profiles___player_id_raw=136479,Nahyun,Choi,Nahyun Choi,KR,F,SENIOR,,,25,388,2026-05-12,HIGH,
ITTF,124042,https://results.ittf.link/index.php/player-profile/list/60?resetfilters=1&vw_profiles___player_id_raw=124042,Daniela,Fonseca,Daniela Fonseca,CU,F,SENIOR,,,25,389,2026-05-12,HIGH,
ITTF,133035,https://results.ittf.link/index.php/player-profile/list/60?resetfilters=1&vw_profiles___player_id_raw=133035,Ainhoa,Cristobal,Ainhoa Cristobal,ES,F,SENIOR,,,25,390,2026-05-12,HIGH,
ITTF,131461,https://results.ittf.link/index.php/player-profile/list/60?resetfilters=1&vw_profiles___player_id_raw=131461,Alma,Roose,Alma Roose,SE,F,SENIOR,,,24,391,2026-05-12,HIGH,
ITTF,222625,https://results.ittf.link/index.php/player-profile/list/60?resetfilters=1&vw_profiles___player_id_raw=222625,Natalia,Gajewska,Natalia Gajewska,PL,F,SENIOR,,,24,392,2026-05-12,HIGH,
ITTF,200318,https://results.ittf.link/index.php/player-profile/list/60?resetfilters=1&vw_profiles___player_id_raw=200318,Ananya,Muralidharan,Ananya Muralidharan,IN,F,SENIOR,,,24,393,2026-05-12,HIGH,
ITTF,134339,https://results.ittf.link/index.php/player-profile/list/60?resetfilters=1&vw_profiles___player_id_raw=134339,Klara,Hrabicova,Klara Hrabicova,CZ,F,SENIOR,,,24,394,2026-05-12,HIGH,
ITTF,200444,https://results.ittf.link/index.php/player-profile/list/60?resetfilters=1&vw_profiles___player_id_raw=200444,Minh Bao Chau Elisa,Nguyen,Minh Bao Chau Elisa Nguyen,DE,F,SENIOR,,,24,395,2026-05-12,HIGH,
ITTF,136597,https://results.ittf.link/index.php/player-profile/list/60?resetfilters=1&vw_profiles___player_id_raw=136597,Natalia,Bogdanowicz,Natalia Bogdanowicz,PL,F,SENIOR,,,24,396,2026-05-12,HIGH,
ITTF,209805,https://results.ittf.link/index.php/player-profile/list/60?resetfilters=1&vw_profiles___player_id_raw=209805,Yixuan,Feng,Yixuan Feng,CN,F,SENIOR,,,23,397,2026-05-12,HIGH,
ITTF,131274,https://results.ittf.link/index.php/player-profile/list/60?resetfilters=1&vw_profiles___player_id_raw=131274,Arina,Slautina,Arina Slautina,XX,F,SENIOR,,,23,398,2026-05-12,HIGH,
ITTF,201311,https://results.ittf.link/index.php/player-profile/list/60?resetfilters=1&vw_profiles___player_id_raw=201311,Jennifer,Varghese,Jennifer Varghese,IN,F,SENIOR,,,23,399,2026-05-12,HIGH,
ITTF,202752,https://results.ittf.link/index.php/player-profile/list/60?resetfilters=1&vw_profiles___player_id_raw=202752,Naisha,Rewaskar,Naisha Rewaskar,IN,F,SENIOR,,,22,400,2026-05-12,HIGH,
ITTF,135900,https://results.ittf.link/index.php/player-profile/list/60?resetfilters=1&vw_profiles___player_id_raw=135900,Ananya,Chande,Ananya Chande,IN,F,SENIOR,,,22,401,2026-05-12,HIGH,
ITTF,205273,https://results.ittf.link/index.php/player-profile/list/60?resetfilters=1&vw_profiles___player_id_raw=205273,Minseo,Kim,Minseo Kim,KR,F,SENIOR,,,22,402,2026-05-12,HIGH,
ITTF,145860,https://results.ittf.link/index.php/player-profile/list/60?resetfilters=1&vw_profiles___player_id_raw=145860,Zhen,Deng,Zhen Deng,US,F,SENIOR,,,22,403,2026-05-12,HIGH,
ITTF,135498,https://results.ittf.link/index.php/player-profile/list/60?resetfilters=1&vw_profiles___player_id_raw=135498,Mia,Griesel,Mia Griesel,DE,F,SENIOR,,,22,404,2026-05-12,HIGH,
ITTF,131587,https://results.ittf.link/index.php/player-profile/list/60?resetfilters=1&vw_profiles___player_id_raw=131587,Lara,Opeka,Lara Opeka,SI,F,SENIOR,,,22,405,2026-05-12,HIGH,
ITTF,200182,https://results.ittf.link/index.php/player-profile/list/60?resetfilters=1&vw_profiles___player_id_raw=200182,Hannah,Silcock,Hannah Silcock,JE,F,SENIOR,,,22,406,2026-05-12,HIGH,
ITTF,201972,https://results.ittf.link/index.php/player-profile/list/60?resetfilters=1&vw_profiles___player_id_raw=201972,Stuti,Kashyap,Stuti Kashyap,AG,F,SENIOR,,,22,407,2026-05-12,HIGH,
ITTF,145634,https://results.ittf.link/index.php/player-profile/list/60?resetfilters=1&vw_profiles___player_id_raw=145634,Mariana,Santa,Mariana Santa,PT,F,SENIOR,,,21,408,2026-05-12,HIGH,
ITTF,111151,https://results.ittf.link/index.php/player-profile/list/60?resetfilters=1&vw_profiles___player_id_raw=111151,Camelia,Iacob,Camelia Iacob,RO,F,SENIOR,,,20,409,2026-05-12,HIGH,
ITTF,115498,https://results.ittf.link/index.php/player-profile/list/60?resetfilters=1&vw_profiles___player_id_raw=115498,Chelsea,Edghill,Chelsea Edghill,GY,F,SENIOR,,,20,410,2026-05-12,HIGH,
ITTF,114706,https://results.ittf.link/index.php/player-profile/list/60?resetfilters=1&vw_profiles___player_id_raw=114706,Hsien-Tzu,Cheng,Hsien-Tzu Cheng,TW,F,SENIOR,,,20,411,2026-05-12,HIGH,
ITTF,133464,https://results.ittf.link/index.php/player-profile/list/60?resetfilters=1&vw_profiles___player_id_raw=133464,Amina,Kessaci,Amina Kessaci,DZ,F,SENIOR,,,20,412,2026-05-12,HIGH,
ITTF,111871,https://results.ittf.link/index.php/player-profile/list/60?resetfilters=1&vw_profiles___player_id_raw=111871,Olga,Vorobeva,Olga Vorobeva,XX,F,SENIOR,,,20,413,2026-05-12,HIGH,
ITTF,206105,https://results.ittf.link/index.php/player-profile/list/60?resetfilters=1&vw_profiles___player_id_raw=206105,Shamalsha,Halawathage,Shamalsha Halawathage,LK,F,SENIOR,,,20,414,2026-05-12,HIGH,
ITTF,133124,https://results.ittf.link/index.php/player-profile/list/60?resetfilters=1&vw_profiles___player_id_raw=133124,Angelina,Romanovskaya,Angelina Romanovskaya,KZ,F,SENIOR,,,20,415,2026-05-12,HIGH,
ITTF,134656,https://results.ittf.link/index.php/player-profile/list/60?resetfilters=1&vw_profiles___player_id_raw=134656,Jana,Riera,Jana Riera,ES,F,SENIOR,,,20,416,2026-05-12,HIGH,
ITTF,145016,https://results.ittf.link/index.php/player-profile/list/60?resetfilters=1&vw_profiles___player_id_raw=145016,Markhabo,Magdieva,Markhabo Magdieva,UZ,F,SENIOR,,,20,417,2026-05-12,HIGH,
ITTF,221517,https://results.ittf.link/index.php/player-profile/list/60?resetfilters=1&vw_profiles___player_id_raw=221517,Kadijat,Okanlawon,Kadijat Okanlawon,NG,F,SENIOR,,,19,418,2026-05-12,HIGH,
ITTF,222184,https://results.ittf.link/index.php/player-profile/list/60?resetfilters=1&vw_profiles___player_id_raw=222184,Joy,Emmanuel,Joy Emmanuel,NG,F,SENIOR,,,19,419,2026-05-12,HIGH,
ITTF,133739,https://results.ittf.link/index.php/player-profile/list/60?resetfilters=1&vw_profiles___player_id_raw=133739,Iyanu Oluwa,Falana,Iyanu Oluwa Falana,NG,F,SENIOR,,,19,420,2026-05-12,HIGH,
ITTF,122197,https://results.ittf.link/index.php/player-profile/list/60?resetfilters=1&vw_profiles___player_id_raw=122197,Onyinyechi,Mbah,Onyinyechi Mbah,NG,F,SENIOR,,,19,421,2026-05-12,HIGH,
ITTF,117954,https://results.ittf.link/index.php/player-profile/list/60?resetfilters=1&vw_profiles___player_id_raw=117954,Ajarat,Asaju,Ajarat Asaju,NG,F,SENIOR,,,19,422,2026-05-12,HIGH,
ITTF,211164,https://results.ittf.link/index.php/player-profile/list/60?resetfilters=1&vw_profiles___player_id_raw=211164,Maryam,Ahmed,Maryam Ahmed,NG,F,SENIOR,,,19,423,2026-05-12,HIGH,
ITTF,201454,https://results.ittf.link/index.php/player-profile/list/60?resetfilters=1&vw_profiles___player_id_raw=201454,Janelle,Chiang,Janelle Chiang,SG,F,SENIOR,,,19,424,2026-05-12,HIGH,
ITTF,135511,https://results.ittf.link/index.php/player-profile/list/60?resetfilters=1&vw_profiles___player_id_raw=135511,Pritha,Vartikar,Pritha Vartikar,IN,F,SENIOR,,,19,425,2026-05-12,HIGH,
ITTF,203062,https://results.ittf.link/index.php/player-profile/list/60?resetfilters=1&vw_profiles___player_id_raw=203062,Xianchang,Chen,Xianchang Chen,CN,F,SENIOR,,,19,426,2026-05-12,HIGH,
ITTF,134471,https://results.ittf.link/index.php/player-profile/list/60?resetfilters=1&vw_profiles___player_id_raw=134471,Angelica,Arellano,Angelica Arellano,EC,F,SENIOR,,,19,427,2026-05-12,HIGH,
ITTF,132083,https://results.ittf.link/index.php/player-profile/list/60?resetfilters=1&vw_profiles___player_id_raw=132083,Fabiola,Diaz,Fabiola Diaz,PR,F,SENIOR,,,19,428,2026-05-12,HIGH,
ITTF,132780,https://results.ittf.link/index.php/player-profile/list/60?resetfilters=1&vw_profiles___player_id_raw=132780,Malamatenia,Papadimitriou,Malamatenia Papadimitriou,GR,F,SENIOR,,,19,429,2026-05-12,HIGH,
ITTF,114947,https://results.ittf.link/index.php/player-profile/list/60?resetfilters=1&vw_profiles___player_id_raw=114947,Valeriia,Kotsiur,Valeriia Kotsiur,XX,F,SENIOR,,,18,430,2026-05-12,HIGH,
ITTF,200904,https://results.ittf.link/index.php/player-profile/list/60?resetfilters=1&vw_profiles___player_id_raw=200904,Marina,Donner,Marina Donner,FI,F,SENIOR,,,18,431,2026-05-12,HIGH,
ITTF,204509,https://results.ittf.link/index.php/player-profile/list/60?resetfilters=1&vw_profiles___player_id_raw=204509,Seungmi,Lee,Seungmi Lee,KR,F,SENIOR,,,18,432,2026-05-12,HIGH,
ITTF,119069,https://results.ittf.link/index.php/player-profile/list/60?resetfilters=1&vw_profiles___player_id_raw=119069,Maria,Rony,Maria Rony,IN,F,SENIOR,,,18,433,2026-05-12,HIGH,
ITTF,205095,https://results.ittf.link/index.php/player-profile/list/60?resetfilters=1&vw_profiles___player_id_raw=205095,Manami,Imaeda,Manami Imaeda,JP,F,SENIOR,,,18,434,2026-05-12,HIGH,
ITTF,143785,https://results.ittf.link/index.php/player-profile/list/60?resetfilters=1&vw_profiles___player_id_raw=143785,Garima,Goyal,Garima Goyal,IN,F,SENIOR,,,18,435,2026-05-12,HIGH,
ITTF,201305,https://results.ittf.link/index.php/player-profile/list/60?resetfilters=1&vw_profiles___player_id_raw=201305,Rokaia,Elbaz,Rokaia Elbaz,QA,F,SENIOR,,,18,436,2026-05-12,HIGH,
ITTF,201271,https://results.ittf.link/index.php/player-profile/list/60?resetfilters=1&vw_profiles___player_id_raw=201271,Ming Shum,Mak,Ming Shum Mak,HK,F,SENIOR,,,18,437,2026-05-12,HIGH,
ITTF,146183,https://results.ittf.link/index.php/player-profile/list/60?resetfilters=1&vw_profiles___player_id_raw=146183,Amani,Tazerouti,Amani Tazerouti,DZ,F,SENIOR,,,17,438,2026-05-12,HIGH,
ITTF,210486,https://results.ittf.link/index.php/player-profile/list/60?resetfilters=1&vw_profiles___player_id_raw=210486,Yoshini,Jayawardena,Yoshini Jayawardena,LK,F,SENIOR,,,17,439,2026-05-12,HIGH,
ITTF,203122,https://results.ittf.link/index.php/player-profile/list/60?resetfilters=1&vw_profiles___player_id_raw=203122,Chi-Yun,Chen,Chi-Yun Chen,TW,F,SENIOR,,,17,440,2026-05-12,HIGH,
ITTF,202971,https://results.ittf.link/index.php/player-profile/list/60?resetfilters=1&vw_profiles___player_id_raw=202971,Huiyao,Xu,Huiyao Xu,CN,F,SENIOR,,,17,441,2026-05-12,HIGH,
ITTF,200499,https://results.ittf.link/index.php/player-profile/list/60?resetfilters=1&vw_profiles___player_id_raw=200499,Setayesh,Iloukhani,Setayesh Iloukhani,IR,F,SENIOR,,,17,442,2026-05-12,HIGH,
ITTF,131572,https://results.ittf.link/index.php/player-profile/list/60?resetfilters=1&vw_profiles___player_id_raw=131572,Linda,Zaderova,Linda Zaderova,CZ,F,SENIOR,,,17,443,2026-05-12,HIGH,
ITTF,207009,https://results.ittf.link/index.php/player-profile/list/60?resetfilters=1&vw_profiles___player_id_raw=207009,Madinath,Yessoufou,Madinath Yessoufou,BJ,F,SENIOR,,,17,444,2026-05-12,HIGH,
ITTF,201097,https://results.ittf.link/index.php/player-profile/list/60?resetfilters=1&vw_profiles___player_id_raw=201097,Siri,Benjegard,Siri Benjegard,SE,F,SENIOR,,,17,445,2026-05-12,HIGH,
ITTF,200265,https://results.ittf.link/index.php/player-profile/list/60?resetfilters=1&vw_profiles___player_id_raw=200265,Franka,Miskic,Franka Miskic,HR,F,SENIOR,,,16,446,2026-05-12,HIGH,
ITTF,137583,https://results.ittf.link/index.php/player-profile/list/60?resetfilters=1&vw_profiles___player_id_raw=137583,Nina,Darovcova,Nina Darovcova,SK,F,SENIOR,,,16,447,2026-05-12,HIGH,
ITTF,120292,https://results.ittf.link/index.php/player-profile/list/60?resetfilters=1&vw_profiles___player_id_raw=120292,Natalia,Grigelova,Natalia Grigelova,SK,F,SENIOR,,,16,448,2026-05-12,HIGH,
ITTF,123519,https://results.ittf.link/index.php/player-profile/list/60?resetfilters=1&vw_profiles___player_id_raw=123519,Tania,Plaian,Tania Plaian,RO,F,SENIOR,,,16,449,2026-05-12,HIGH,
ITTF,137032,https://results.ittf.link/index.php/player-profile/list/60?resetfilters=1&vw_profiles___player_id_raw=137032,Tsvetelina,Georgieva,Tsvetelina Georgieva,BG,F,SENIOR,,,16,450,2026-05-12,HIGH,
ITTF,121715,https://results.ittf.link/index.php/player-profile/list/60?resetfilters=1&vw_profiles___player_id_raw=121715,Nikoleta,Puchovanova,Nikoleta Puchovanova,SK,F,SENIOR,,,16,451,2026-05-12,HIGH,
ITTF,120750,https://results.ittf.link/index.php/player-profile/list/60?resetfilters=1&vw_profiles___player_id_raw=120750,Malissa,Nasri,Malissa Nasri,DZ,F,SENIOR,,,16,452,2026-05-12,HIGH,
ITTF,132203,https://results.ittf.link/index.php/player-profile/list/60?resetfilters=1&vw_profiles___player_id_raw=132203,Kalina,Hristova,Kalina Hristova,BG,F,SENIOR,,,15,453,2026-05-12,HIGH,
ITTF,220353,https://results.ittf.link/index.php/player-profile/list/60?resetfilters=1&vw_profiles___player_id_raw=220353,Chinenye,Okafor,Chinenye Okafor,NG,F,SENIOR,,,15,454,2026-05-12,HIGH,
ITTF,122195,https://results.ittf.link/index.php/player-profile/list/60?resetfilters=1&vw_profiles___player_id_raw=122195,Abosede,Odusanya,Abosede Odusanya,NG,F,SENIOR,,,15,455,2026-05-12,HIGH,
ITTF,137011,https://results.ittf.link/index.php/player-profile/list/60?resetfilters=1&vw_profiles___player_id_raw=137011,Anuoluwapo,Ajuwon,Anuoluwapo Ajuwon,NG,F,SENIOR,,,15,456,2026-05-12,HIGH,
ITTF,137142,https://results.ittf.link/index.php/player-profile/list/60?resetfilters=1&vw_profiles___player_id_raw=137142,Abosede,Akinsete,Abosede Akinsete,NG,F,SENIOR,,,15,457,2026-05-12,HIGH,
ITTF,114776,https://results.ittf.link/index.php/player-profile/list/60?resetfilters=1&vw_profiles___player_id_raw=114776,Halima,Hussain,Halima Hussain,NG,F,SENIOR,,,15,458,2026-05-12,HIGH,
ITTF,207486,https://results.ittf.link/index.php/player-profile/list/60?resetfilters=1&vw_profiles___player_id_raw=207486,Cheok Lam,Kuan,Cheok Lam Kuan,MO,F,SENIOR,,,15,459,2026-05-12,HIGH,
ITTF,120230,https://results.ittf.link/index.php/player-profile/list/60?resetfilters=1&vw_profiles___player_id_raw=120230,On Na,Leong,On Na Leong,MO,F,SENIOR,,,15,460,2026-05-12,HIGH,
ITTF,119625,https://results.ittf.link/index.php/player-profile/list/60?resetfilters=1&vw_profiles___player_id_raw=119625,Hidalynn,Zapata,Hidalynn Zapata,GT,F,SENIOR,,,15,461,2026-05-12,HIGH,
ITTF,145999,https://results.ittf.link/index.php/player-profile/list/60?resetfilters=1&vw_profiles___player_id_raw=145999,Muteba Peguy,Dialumona,Muteba Peguy Dialumona,CD,F,SENIOR,,,15,462,2026-05-12,HIGH,
ITTF,123839,https://results.ittf.link/index.php/player-profile/list/60?resetfilters=1&vw_profiles___player_id_raw=123839,Harilalao,Raharijaona,Harilalao Raharijaona,MG,F,SENIOR,,,15,463,2026-05-12,HIGH,
ITTF,221122,https://results.ittf.link/index.php/player-profile/list/60?resetfilters=1&vw_profiles___player_id_raw=221122,Jodie,Gollop,Jodie Gollop,CK,F,SENIOR,,,15,464,2026-05-12,HIGH,
ITTF,123707,https://results.ittf.link/index.php/player-profile/list/60?resetfilters=1&vw_profiles___player_id_raw=123707,Tshepiso,Rebatenne,Tshepiso Rebatenne,BW,F,SENIOR,,,15,465,2026-05-12,HIGH,
ITTF,209793,https://results.ittf.link/index.php/player-profile/list/60?resetfilters=1&vw_profiles___player_id_raw=209793,Patience,Anyango,Patience Anyango,UG,F,SENIOR,,,15,466,2026-05-12,HIGH,
ITTF,203103,https://results.ittf.link/index.php/player-profile/list/60?resetfilters=1&vw_profiles___player_id_raw=203103,Olivia,Huang,Olivia Huang,CA,F,SENIOR,,,15,467,2026-05-12,HIGH,
ITTF,145183,https://results.ittf.link/index.php/player-profile/list/60?resetfilters=1&vw_profiles___player_id_raw=145183,Yordanos,Dejene,Yordanos Dejene,ET,F,SENIOR,,,15,468,2026-05-12,HIGH,
ITTF,200031,https://results.ittf.link/index.php/player-profile/list/60?resetfilters=1&vw_profiles___player_id_raw=200031,Daniela,Linares,Daniela Linares,GT,F,SENIOR,,,15,469,2026-05-12,HIGH,
ITTF,202969,https://results.ittf.link/index.php/player-profile/list/60?resetfilters=1&vw_profiles___player_id_raw=202969,Junlin,Xiang,Junlin Xiang,CN,F,SENIOR,,,15,470,2026-05-12,HIGH,
ITTF,134769,https://results.ittf.link/index.php/player-profile/list/60?resetfilters=1&vw_profiles___player_id_raw=134769,Jenny,Cux,Jenny Cux,GT,F,SENIOR,,,15,471,2026-05-12,HIGH,
ITTF,118028,https://results.ittf.link/index.php/player-profile/list/60?resetfilters=1&vw_profiles___player_id_raw=118028,Lucia,Cordero,Lucia Cordero,GT,F,SENIOR,,,15,472,2026-05-12,HIGH,
ITTF,124041,https://results.ittf.link/index.php/player-profile/list/60?resetfilters=1&vw_profiles___player_id_raw=124041,Karla,Perez Gonzalez,Karla Perez Gonzalez,CU,F,SENIOR,,,15,473,2026-05-12,HIGH,
ITTF,134776,https://results.ittf.link/index.php/player-profile/list/60?resetfilters=1&vw_profiles___player_id_raw=134776,Marbella,Aceves,Marbella Aceves,MX,F,SENIOR,,,15,474,2026-05-12,HIGH,
ITTF,221846,https://results.ittf.link/index.php/player-profile/list/60?resetfilters=1&vw_profiles___player_id_raw=221846,Enjema,Moussa,Enjema Moussa,CM,F,SENIOR,,,15,475,2026-05-12,HIGH,
ITTF,120718,https://results.ittf.link/index.php/player-profile/list/60?resetfilters=1&vw_profiles___player_id_raw=120718,Ruth,Tavares,Ruth Tavares,AO,F,SENIOR,,,15,476,2026-05-12,HIGH,
ITTF,144777,https://results.ittf.link/index.php/player-profile/list/60?resetfilters=1&vw_profiles___player_id_raw=144777,Lailaa,Edwards,Lailaa Edwards,ZA,F,SENIOR,,,15,477,2026-05-12,HIGH,
ITTF,134974,https://results.ittf.link/index.php/player-profile/list/60?resetfilters=1&vw_profiles___player_id_raw=134974,Fathimath,Ali,Fathimath Ali,MV,F,SENIOR,,,15,478,2026-05-12,HIGH,
ITTF,202542,https://results.ittf.link/index.php/player-profile/list/60?resetfilters=1&vw_profiles___player_id_raw=202542,Aoba,Takahashi,Aoba Takahashi,JP,F,SENIOR,,,15,479,2026-05-12,HIGH,
ITTF,123198,https://results.ittf.link/index.php/player-profile/list/60?resetfilters=1&vw_profiles___player_id_raw=123198,Elisavet,Terpou,Elisavet Terpou,GR,F,SENIOR,,,15,480,2026-05-12,HIGH,
ITTF,136016,https://results.ittf.link/index.php/player-profile/list/60?resetfilters=1&vw_profiles___player_id_raw=136016,Alice,Nilsson,Alice Nilsson,SE,F,SENIOR,,,15,481,2026-05-12,HIGH,
ITTF,209318,https://results.ittf.link/index.php/player-profile/list/60?resetfilters=1&vw_profiles___player_id_raw=209318,Hisa,Uriu,Hisa Uriu,JP,F,SENIOR,,,15,482,2026-05-12,HIGH,
ITTF,223247,https://results.ittf.link/index.php/player-profile/list/60?resetfilters=1&vw_profiles___player_id_raw=223247,Jingming,Wei,Jingming Wei,CN,F,SENIOR,,,15,483,2026-05-12,HIGH,
ITTF,137752,https://results.ittf.link/index.php/player-profile/list/60?resetfilters=1&vw_profiles___player_id_raw=137752,Zlata,Terekhova,Zlata Terekhova,XX,F,SENIOR,,,15,484,2026-05-12,HIGH,
ITTF,124426,https://results.ittf.link/index.php/player-profile/list/60?resetfilters=1&vw_profiles___player_id_raw=124426,Camila,Obando,Camila Obando,VE,F,SENIOR,,,15,485,2026-05-12,HIGH,
ITTF,200839,https://results.ittf.link/index.php/player-profile/list/60?resetfilters=1&vw_profiles___player_id_raw=200839,Kavya,Bhatt,Kavya Bhatt,IN,F,SENIOR,,,15,486,2026-05-12,HIGH,
ITTF,137613,https://results.ittf.link/index.php/player-profile/list/60?resetfilters=1&vw_profiles___player_id_raw=137613,Karolina,Holda,Karolina Holda,PL,F,SENIOR,,,15,487,2026-05-12,HIGH,
ITTF,137300,https://results.ittf.link/index.php/player-profile/list/60?resetfilters=1&vw_profiles___player_id_raw=137300,Khanh,Nguyen,Khanh Nguyen,VN,F,SENIOR,,,14,488,2026-05-12,HIGH,
ITTF,117499,https://results.ittf.link/index.php/player-profile/list/60?resetfilters=1&vw_profiles___player_id_raw=117499,Ying,Ho,Ying Ho,MY,F,SENIOR,,,14,489,2026-05-12,HIGH,
ITTF,135189,https://results.ittf.link/index.php/player-profile/list/60?resetfilters=1&vw_profiles___player_id_raw=135189,Cheuk Tung,Li,Cheuk Tung Li,NZ,F,SENIOR,,,14,490,2026-05-12,HIGH,
ITTF,201406,https://results.ittf.link/index.php/player-profile/list/60?resetfilters=1&vw_profiles___player_id_raw=201406,Marziyya,Nurmatova,Marziyya Nurmatova,AZ,F,SENIOR,,,14,491,2026-05-12,HIGH,
ITTF,123638,https://results.ittf.link/index.php/player-profile/list/60?resetfilters=1&vw_profiles___player_id_raw=123638,Betul Nur,Kahraman,Betul Nur Kahraman,TR,F,SENIOR,,,14,492,2026-05-12,HIGH,
ITTF,200829,https://results.ittf.link/index.php/player-profile/list/60?resetfilters=1&vw_profiles___player_id_raw=200829,Vanda,Vanisova,Vanda Vanisova,SK,F,SENIOR,,,14,493,2026-05-12,HIGH,
ITTF,144473,https://results.ittf.link/index.php/player-profile/list/60?resetfilters=1&vw_profiles___player_id_raw=144473,Im,Li Ying,Im Li Ying,MY,F,SENIOR,,,14,494,2026-05-12,HIGH,
ITTF,133314,https://results.ittf.link/index.php/player-profile/list/60?resetfilters=1&vw_profiles___player_id_raw=133314,Maryam,Ali,Maryam Ali,QA,F,SENIOR,,,14,495,2026-05-12,HIGH,
ITTF,134323,https://results.ittf.link/index.php/player-profile/list/60?resetfilters=1&vw_profiles___player_id_raw=134323,Ema,Cincurova,Ema Cincurova,SK,F,SENIOR,,,14,496,2026-05-12,HIGH,
ITTF,144803,https://results.ittf.link/index.php/player-profile/list/60?resetfilters=1&vw_profiles___player_id_raw=144803,Tamadi Kavindya,Alagiyawadu,Tamadi Kavindya Alagiyawadu,LK,F,SENIOR,,,13,497,2026-05-12,HIGH,
ITTF,202679,https://results.ittf.link/index.php/player-profile/list/60?resetfilters=1&vw_profiles___player_id_raw=202679,Ella,Pashley,Ella Pashley,GB,F,SENIOR,,,13,498,2026-05-12,HIGH,
ITTF,201232,https://results.ittf.link/index.php/player-profile/list/60?resetfilters=1&vw_profiles___player_id_raw=201232,Vania,Yavari,Vania Yavari,IR,F,SENIOR,,,13,499,2026-05-12,HIGH,
ITTF,145975,https://results.ittf.link/index.php/player-profile/list/60?resetfilters=1&vw_profiles___player_id_raw=145975,Nzangani Nephtalie,Kindandi,Nzangani Nephtalie Kindandi,CD,F,SENIOR,,,13,500,2026-05-12,HIGH,
